"2021-12-29T08:00:14Z","article","What a Year of Brexit Brought U.K. Companies: Higher Costs and Endless Forms"
"2021-12-16T23:22:23Z","article","In a Small Kentucky Town, the Candle Factory Was a Lifeline for Its Workers"
"2021-12-15T14:49:29Z","article","Biden’s China Dilemma: How to Enforce Trump’s Trade Deal"
"2021-12-09T16:40:11Z","article","Giving Gifts? No Way! Yes, of Course!"
"2021-12-08T19:55:19Z","article","Biden Orders Federal Vehicles and Buildings to Use Renewable Energy by 2050"
"2021-12-08T18:32:25Z","article","Proposal Would Allow E.U. to Retaliate Against Economic Pressure"
"2021-12-05T00:45:39Z","article","To Counter China, Austin Vows to Shore Up Alliances With Others in Region"
"2021-12-03T14:01:21Z","article","The Treasury Department declined to label any country a currency manipulator but criticized China’s lack of transparency."
"2021-12-02T23:00:07Z","article","Overdoses Have Skyrocketed During the Pandemic. How Do We Stop Them?"
"2021-12-02T12:54:54Z","article","Inside the Economic Argument Over Abortion"
"2021-12-01T22:05:53Z","article","Four Times Opinion Writers Debate Abortion at the Supreme Court: ‘My Guess Is They Overturn’"
"2021-12-01T00:00:07Z","article","Trump’s Iran Policy Has Become a Disaster for the U.S. and Israel"
"2021-11-30T08:00:11Z","article","Counterfeit Covid Masks Are Still Sold Everywhere, Despite Misleading Claims"
"2021-11-28T14:23:13Z","article","A Wine Rack on Rails? U.K. Businesses Seek Solutions to Shortages."
"2021-11-27T12:49:26Z","article","Brazil’s President Lula Is Staging a Comeback. Can He Bring the Country Along?"
"2021-11-24T10:04:24Z","article","Trump Wanted to Punish China. We’re Still Paying for It."
"2021-11-19T00:33:57Z","article","Biden Thinks He Can Have It Both Ways on China. He’s Wrong."
"2021-11-18T16:47:04Z","article","North America has a new trade agreement, but familiar spats remain."
"2021-11-17T10:00:20Z","article","What Was Fashion Doing at COP26?"
"2021-11-16T23:44:47Z","article","U.S. and China Agree to Ease Restrictions on Journalists"
"2021-07-19T16:52:07Z","article","Democrats will introduce a plan to tax imports based on exporting countries’ emissions."
"2021-07-19T15:40:26Z","article","Democrats Propose a Border Tax Based on Countries’ Greenhouse Gas Emissions"
"2021-07-19T11:14:35Z","article","The U.S. trade deal with China falls short, Janet Yellen says."
"2021-07-17T12:54:38Z","article","Angela Merkel plans to visit the flood zone on Sunday."
"2021-07-16T16:09:15Z","article","Wonking Out: Two Cheers for Carbon Tariffs"
"2021-07-16T16:07:40Z","article","Yellen Says China Trade Deal Has ‘Hurt American Consumers’"
"2021-07-16T09:00:02Z","interactive","The New York Times News Quiz, July 16, 2021"
"2021-07-15T10:24:33Z","article","Hopeful News on Delta"
"2021-07-15T04:17:59Z","article","Your Thursday Briefing"
"2021-07-14T23:04:37Z","article","Democrats Call for a Tax on Imports From Polluting Countries"
"2021-07-14T21:53:15Z","article","E.U. Climate, Delta, Cannes Film Festival: Your Wednesday Evening Briefing"
"2021-07-14T20:39:09Z","article","Your Thursday Briefing"
"2021-07-14T20:03:16Z","article","Democrats Roll Out $3.5 Trillion Budget to Fulfill Biden’s Broad Agenda"
"2021-07-14T19:09:51Z","article","Europe Is Proposing a Border Carbon Tax. What Is It and How Will It Work?"
"2021-07-14T16:47:20Z","article","Chicago’s Big Climate Problem"
"2021-07-14T11:41:23Z","article","Europe Unveils Plan to Shift From Fossil Fuels, Setting Up Potential Trade Spats"
"2021-07-14T11:31:53Z","article","What if Inflation Isn’t ‘Transitory’?"
"2021-07-13T21:52:50Z","article","Europe Plans Aggressive New Laws to Phase Out Fossil Fuels"
"2021-07-12T15:37:09Z","article","E.U. Delays Digital Levy as Tax Talks Proceed"
"2021-07-09T09:00:22Z","article","Finance Ministers Meet in Venice to Finalize Global Tax Agreement"
"2021-07-08T23:00:08Z","article","The Trumpian Roots of the Chip Crisis"
"2021-07-07T09:00:19Z","article","The Man Behind China’s Aggressive New Voice"
"2021-07-02T22:14:57Z","article","As Vaccination Takes Hold in Canada, a Slow Reawakening Begins"
"2021-07-02T16:55:05Z","article","Wonking Out: Alexander Hamilton and Post-Covid America"
"2021-07-01T19:51:41Z","article","A U.S. proposal for a 15% global minimum tax is backed by 130 countries."
"2021-07-01T19:26:04Z","article","The Paradox of Chenin Blanc"
"2021-07-01T16:19:36Z","article","U.S. Proposal for 15% Global Minimum Tax Wins Support From 130 Countries"
"2021-07-01T09:35:29Z","article","Nissan plans a U.K. battery factory, a lift for the post-Brexit auto industry."
"2021-06-28T19:50:05Z","article","High Lumber Prices Add Urgency to a Decades-Old Trade Fight"
"2021-06-23T09:00:14Z","article","Is Education No Longer the ‘Great Equalizer’?"
"2021-06-20T20:32:47Z","article","Your Monday Briefing"
"2021-06-20T11:00:04Z","article","The Week in Business: Here Come the Trustbusters"
"2021-06-18T09:06:05Z","article","To Enjoy a Luxury Watch, You Don’t Really Need to Own It"
"2021-06-18T03:52:46Z","article","What I Learned About Australia’s Lackluster Vaccination Effort From the Latest Covid ‘Hot Spot’ in Sydney"
"2021-06-17T14:20:58Z","article","For Biden, Europe Trip Achieved 2 Major Goals. And Then There Is Russia."
"2021-06-17T11:27:09Z","article","The U.S. and Britain end their aircraft subsidy dispute, mirroring an E.U. deal."
"2021-06-15T18:27:51Z","article","The U.S. and the E.U. end a long dispute over subsidies to aircraft companies."
"2021-06-15T11:15:12Z","article","U.S. and E.U. End Aviation Trade Spat and Turn to China’s Rise"
"2021-06-15T11:09:31Z","article","What Lordstown’s Meltdown Means for SPACs"
"2021-06-15T11:06:17Z","article","Britain Signs Its First Major Post-Brexit Trade Deal With Australia"
"2021-06-12T08:24:49Z","article","The G7 leaders get down to business, taking on climate change and the pandemic."
"2021-06-11T21:46:47Z","article","Cameras Off: G7 Summit Heralds the Return of In-Person Diplomacy"
"2021-06-11T14:48:44Z","article","Handshake diplomacy returns as leaders gather to confront global crises."
"2021-06-11T08:23:05Z","article","Biden and the E.U. hope to settle a trade dispute and end billions in tariffs."
"2021-06-10T23:09:45Z","article","Canada Should Open the Border"
"2021-06-10T11:16:36Z","article","Counting Down to a Big Inflation Number"
"2021-06-10T04:07:10Z","article","Your Thursday Briefing"
"2021-06-09T22:26:19Z","article","Global Vaccines, G7, Solar Eclipse: Your Wednesday Evening Briefing"
"2021-06-09T19:37:56Z","article","U.S. and Europe Look for Tariff Cease-Fire as Biden Heads Overseas"
"2021-06-08T22:36:52Z","article","Senate Overwhelmingly Passes Bill to Bolster Competitiveness With China"
"2021-06-08T15:04:17Z","article","A landmark industrial policy bill aimed at countering China easily clears the Senate in a bipartisan vote."
"2021-06-08T09:00:21Z","article","Biden Administration Moves to Fix Supply Chain Bottlenecks"
"2021-06-07T02:45:11Z","article","Your Monday Briefing"
"2021-06-06T20:54:00Z","article","Your Monday Briefing"
"2021-06-06T07:00:11Z","article","Biden Is Embracing Europe, but Then What? NATO and the E.U. Have Concerns."
"2021-06-05T11:37:26Z","article","Finance Leaders Reach Global Tax Deal Aimed at Ending Profit Shifting"
"2021-06-04T14:05:06Z","article","Global Finance Leaders Move Closer to International Tax Agreement"
"2021-06-03T22:53:25Z","article","Biden Expands Trump-Era Ban on Investment in Chinese Firms Linked to Military"
"2021-06-03T17:30:37Z","article","Biden issues an order banning U.S. investment in firms that aid surveillance and repression."
"2021-06-03T12:20:24Z","article","The End of Stock Market Fundamentals?"
"2021-06-03T03:16:26Z","article","Your Thursday Briefing"
"2021-06-02T20:59:06Z","article","Your Thursday Briefing"
"2021-06-02T20:15:34Z","article","Yellen Aims to Win Support for Global Tax Deal"
"2021-06-02T16:07:44Z","article","The U.S. imposes — and suspends — tariffs on six countries over digital taxes."
"2021-06-02T09:00:22Z","article","Portugal Is Riding a Boom in Bicycles"
"2021-05-27T22:52:22Z","article","Senate Poised to Pass $195 Billion Bill to Bolster Competitiveness With China"
"2021-05-27T19:33:52Z","article","Your Friday Briefing"
"2021-05-27T17:56:44Z","article","Chenin Blanc From Three Places"
"2021-05-27T09:00:19Z","article","A Temporary U.S.-China Trade Truce Starts to Look Durable"
"2021-05-21T11:41:08Z","article","A rebounding economy and tariffs have helped drive the price of U.S. steel to records."
"2021-05-21T11:29:34Z","article","Tracking the Epstein Scandal’s Fallout"
"2021-05-21T07:00:10Z","article","Soaring Prices Herald Boom Time for Steel Makers"
"2021-05-17T12:04:01Z","article","U.S. and Europe Seek to End Trump-Era Dispute Over Steel and Aluminum"
"2021-05-14T12:00:13Z","article","Going on a Scavenger Hunt to Finish Your Kitchen Renovation"
"2021-05-06T12:23:29Z","article","‘Are You Like This Doggy?’ U.S. Embassy Asked Chinese Students. It Backfired."
"2021-05-04T23:00:05Z","article","The Side of Wall Street That Matters Most Is Begging for Infrastructure"
"2021-05-04T15:04:28Z","article","As Cars Go Electric, China Builds a Big Lead in Factories"
"2021-05-03T21:58:35Z","article","New York, Vaccines, Refugees: Your Monday Evening Briefing"
"2021-05-03T19:00:50Z","article","The West Has Been Hoarding More Than Vaccines"
"2021-05-03T17:47:33Z","article","In Colombia, 19 Are Killed in Pandemic-Related Protests"
"2021-05-03T11:31:11Z","article","Here’s what happened in markets today."
"2021-05-03T09:00:16Z","article","Widespread Commodity Shortages Raise Inflation Fears"
"2021-04-30T19:00:05Z","article","Biden Should Not Ignore Mexico’s Turn to Authoritarianism"
"2021-04-30T09:00:13Z","article","Biden’s First 100 Days Would Make Trump Jealous"
"2021-04-28T07:10:03Z","article","Brexit Trade Deal Gets a Final OK From E.U. Parliament"
"2021-04-26T14:59:56Z","article","Tim Ryan, a Democratic congressman, is running for Ohio’s open Senate seat."
"2021-04-23T14:50:14Z","article","Krugman Wonks Out: The China Shock and the Climate Shock"
"2021-04-21T18:37:07Z","article","Trudeau Was a Global Climate Hero. Now Canada Risks Falling Behind."
"2021-04-20T17:43:09Z","article","China’s Solar Dominance Presents Biden With an Ugly Dilemma"
"2021-04-20T09:29:25Z","article","Governments around the globe are taking aim at big tech companies."
"2021-04-20T09:00:24Z","article","A Global Tipping Point for Reining In Tech Has Arrived"
"2021-04-16T13:06:00Z","article","Treasury Puts Taiwan on Notice in Currency Report but Strikes Measured Tone"
"2021-04-15T16:14:00Z","article","Japan’s prime minister visits Washington this week and will face questions about confronting China."
"2021-04-15T03:32:09Z","article","Will Japan Confront China? A Visit to Washington May Offer a Clue."
"2021-04-13T09:00:17Z","article","What Bidenism Owes to Trumpism"
"2021-04-13T03:39:48Z","article","Your Tuesday Briefing"
"2021-04-12T20:13:43Z","article","French Wine Production Ravaged by a Devastating Frost"
"2021-04-12T18:03:55Z","article","U.S. reaches agreements with Mexico, Honduras and Guatemala to increase enforcement against migration."
"2021-04-09T12:56:06Z","article","Boeing Tells Airlines to Stop Flying Some 737 Max Planes"
"2021-04-09T10:39:49Z","article","The New Taiwan Tensions"
"2021-11-16T23:39:01Z","article","Biden Sells Infrastructure Improvements as a Way to Counter China"
"2021-11-16T00:30:28Z","article","The two sides offer softer rhetoric but little apparent progress on trade."
"2021-11-15T21:00:12Z","article","Taiwan, Trade, Tech and More: A Tense Era in U.S.-China Ties"
"2021-11-15T14:57:40Z","article","Wall St. Is Finally Getting Access to China. But for How Long?"
"2021-11-15T10:00:18Z","article","Biden and Xi meet amid economic and military tensions."
"2021-11-12T17:33:35Z","article","Biden and China’s Xi Will Hold Virtual Summit on Monday"
"2021-11-11T12:26:16Z","article","Britain’s economic recovery has slowed as supply disruptions persist."
"2021-11-10T17:56:02Z","article","Not Doing Enough About Climate Change"
"2021-11-08T16:50:26Z","article","Brain Drain From Britain Delivers Financial Boon to Estonia"
"2021-11-08T10:22:56Z","article","U.S. Travel Ban Ends, Easing Personal Frustrations and Diplomatic Tension"
"2021-04-08T09:00:28Z","article","Drought in Taiwan Pits Chip Makers Against Farmers"
"2021-04-07T13:50:40Z","article","Biden Can Go Bigger and Not ‘Pay for It’ the Old Way"
"2021-04-03T09:00:18Z","article","How Brexit Ruined Easter for Britain’s Chocolate Makers"
"2021-04-01T09:00:19Z","article","The Real Reason for the Border Crisis"
"2021-04-01T00:22:17Z","article","40 Years After Reagan, a Bet Big Government Can Get Something Done"
"2021-03-29T12:08:02Z","article","How a Big Bad Bet Whacked the Markets"
"2021-03-26T22:46:15Z","article","Biden Defines His Underlying Challenge With China: ‘Prove Democracy Works’"
"2021-03-26T20:00:04Z","article","The U.S. is keeping the threat of tariffs alive as international talks over digital taxes proceed."
"2021-03-26T16:55:18Z","article","The Agency at the Center of America’s Tech Fight With China"
"2021-03-19T06:01:53Z","article","Canadians Alarmed by Trial of Businessman Accused of Spying in China"
"2021-11-03T19:56:25Z","article","The New Magazine Alexander Hamilton Might Have Written For"
"2021-11-03T16:40:41Z","article","European Steel Plan Shows Biden’s Bid to Merge Climate and Trade Policy"
"2021-11-02T12:17:49Z","article","Putin joined the deforestation pact, but Russia’s climate policy is full of contradictions."
"2021-11-01T10:00:08Z","article","Why Do So Many Traffic Stops Go Wrong?"
"2021-11-01T02:13:41Z","article","Your Monday Briefing"
"2021-10-31T23:14:58Z","article","Struggling at Home, Biden Is Buoyed by G20 Trip Abroad"
"2021-10-31T21:37:29Z","article","At summit’s end, an upbeat Biden hails the G20’s accomplishments, even as activists scoff."
"2021-10-31T21:01:33Z","article","Your Monday Briefing"
"2021-10-30T20:47:17Z","article","White House reaches a deal to roll back European steel and aluminum tariffs."
"2021-10-30T20:31:29Z","article","U.S. Agrees to Roll Back European Steel and Aluminum Tariffs"
"2021-10-29T23:37:20Z","article","A Global Tax Deal Is at Hand. Here’s How It Would Work."
"2021-10-28T09:00:36Z","article","China Hurries to Burn More Coal, Putting Climate Goals at Risk"
"2021-10-27T09:00:26Z","article","I Fell in Love With Motorcycles. But Could I Ever Love Sturgis?"
"2021-10-27T09:00:25Z","article","Pastries and Persuasion: How a Global Tax Deal Got Done"
"2021-10-24T14:32:23Z","article","The Rotten Core of the Republican Party"
"2021-10-22T13:00:09Z","article","Coal Stocks Rise, Even as the Planet Warms"
"2021-10-22T11:20:26Z","article","This Hedge Fund Manager Dumped Trump"
"2021-10-21T16:58:41Z","article","U.S. agrees to drop tariffs on countries that imposed digital services taxes as a global tax overhaul moves ahead."
"2021-10-21T05:00:06Z","article","This Is How Biden Can Get the Edge Over China"
"2021-10-20T03:29:55Z","article","Your Wednesday Briefing"
"2021-10-19T21:46:29Z","article","Jobs, Brazil, N.B.A.: Your Tuesday Evening Briefing"
"2021-10-19T09:00:45Z","article","On a Pacific Island, Russia Tests Its Battle Plan for Climate Change"
"2021-10-14T09:00:12Z","article","Why Does Everyone Suddenly Care About Supply Chains?"
"2021-10-11T19:37:03Z","article","Clear Differences Remain Between France and U.S., French Minister Says"
"2021-10-08T09:02:32Z","article","A Sailing Season Full of Drama"
"2021-10-05T04:32:18Z","article","Your Tuesday Briefing"
"2021-10-04T22:17:07Z","article","Facebook, Nobel Prizes, Captain Kirk: Your Monday Evening Briefing"
"2021-10-04T19:40:58Z","article","U.S. trade representative pledges to hold China to trade commitments made under Trump."
"2021-10-04T19:29:02Z","article","Your Tuesday Briefing"
"2021-10-04T12:04:57Z","article","‘Profit Over Safety’"
"2021-10-04T09:00:17Z","article","U.S. Signals No Thaw in Trade Relations With China"
"2021-10-01T22:14:17Z","article","U.S. and Europe Announce New Trade Cooperation, but Disputes Linger"
"2021-10-01T19:38:17Z","article","How African Countries Can Overcome the ‘Resource Curse’"
"2021-09-30T21:38:02Z","article","Biden Campaigned as the Anti-Trump. But a Clean Break Is Never Easy."
"2021-09-29T20:47:32Z","article","For Progressives, Iron Dome Isn’t the Issue. It’s Israel Itself."
"2021-09-29T19:37:03Z","article","Your Thursday Briefing"
"2021-09-29T09:00:19Z","article","Retailers’ Latest Headache: Shutdowns at Their Vietnamese Suppliers"
"2021-09-24T20:00:00Z","article","Meng’s release could eliminate a source of friction between China and the Biden administration."
"2021-09-24T09:00:22Z","article","Democrats Consider Adding Carbon Tax to Budget Bill"
"2021-09-23T23:33:03Z","article","In Biden’s Foreign Policy, Friends and Foes Claim Echoes of Trump"
"2021-09-22T23:49:49Z","article","At Covid Summit, Biden Sets Ambitious Goals for Vaccinating the World"
"2021-09-22T10:00:09Z","article","Submarines and Shifting Allegiances"
"2021-09-21T23:00:06Z","article","China’s Leaders Are Having Fun With Us. Who Can Blame Them?"
"2021-09-21T13:13:09Z","article","Australia’s Submarines Make Waves in Asia Long Before They Go to Sea"
"2021-09-20T10:45:53Z","article","Biden will push a global plan to send more vaccines to needy countries."
"2021-09-20T09:00:14Z","article","Biden to Push Global Plan to Battle Covid as National Gaps Widen"
"2021-09-17T19:09:27Z","article","The Sharp U.S. Pivot to Asia Is Throwing Europe Off Balance"
"2021-09-16T20:18:56Z","article","Your Friday Briefing"
"2021-09-16T16:05:07Z","article","The Pizza-Paved Path to the Far Side of the Covid Pandemic"
"2021-09-16T14:03:44Z","article","The British retailer Marks & Spencer blames Brexit as it closes French stores."
"2021-09-14T23:07:31Z","article","Biden Urges Climate Action: ‘We Don’t Have Much More Than 10 Years’"
"2021-09-10T16:40:04Z","article","Transcript: Ezra Klein Interviews Tyler Cowen"
"2021-09-07T19:00:05Z","article","What Comes After the War on Terrorism? War on China?"
"2021-09-07T09:00:24Z","article","She’s Green. She’s Young. And She Wants to Change Germany."
"2021-09-06T09:00:09Z","article","Venezuela’s New Lettuce-Based Economy Is Good Enough for Now"
"2021-09-03T22:01:44Z","article","After a Summer of Disasters, Some Lawmakers See a Chance for Climate Action"
"2021-09-02T11:55:27Z","article","The Business of Voting in Texas"
"2021-09-02T04:06:38Z","article","Your Thursday Briefing"
"2021-09-01T19:41:23Z","article","Your Thursday Briefing"
"2021-09-01T19:40:54Z","article","Businesses Push Biden to Develop China Trade Policy"
"2021-08-24T09:00:23Z","article","Biden Faces a Trade-Off: Stop Corruption, or Migration?"
"2021-08-20T16:23:42Z","article","Honey, Who Shrunk the World?"
"2021-08-13T20:31:13Z","article","Google Infringed on Patents Owned by Sonos, a Trade Judge Says"
"2021-08-09T22:56:52Z","article","Senate Democrats Begin $3.5 Trillion Push for ‘Big, Bold’ Social Change"
"2021-08-06T15:15:05Z","article","Wonking Out: What Vaccine Supply Tells Us About International Trade"
"2021-08-06T05:33:15Z","article","U.S. Business Groups Urge Biden to Restart China Trade Talks"
"2021-07-27T10:41:25Z","article","Liberals Who Don’t Retire"
"2021-07-27T09:00:15Z","article","America Shouldn’t Compete Against China With One Arm Tied Behind Its Back"
"2021-07-23T10:00:07Z","article","Putting a Price on Pollution"
"2021-07-22T22:50:03Z","article","Where Is Biden’s Climate Change ‘Revolution’?"
"2022-12-18T11:00:09Z","article","The U.S. Needs to Change the Way It Does Business With China"
"2022-12-14T18:28:04Z","article","The Biden administration promotes its engagement on trade with Africa."
"2022-12-14T06:00:26Z","article","Your Wednesday Briefing"
"2022-12-13T21:23:34Z","article","Your Wednesday Briefing: A Nuclear Fusion Breakthrough"
"2022-12-13T19:27:27Z","article","Is This the End of Peace Through Trade?"
"2022-12-13T16:09:49Z","article","Can Fusion Solve the Climate Crisis?"
"2022-12-13T14:24:26Z","article","Europe Reaches Deal for Carbon Tax Law on Imports"
"2022-12-13T00:00:09Z","article","Why America Is Getting Tough on Trade"
"2022-12-09T17:06:21Z","article","Let’s Talk Books"
"2022-12-08T10:00:20Z","article","The Cienfuegos Affair: Inside the Case that Upended the Drug War in Mexico"
"2022-12-07T20:36:42Z","article","U.S. Proposes Green Steel Club That Would Levy Tariffs On Outliers"
"2022-12-06T12:33:12Z","article","Could Biden’s Climate Agenda Trigger a New Trade War?"
"2022-12-02T14:36:20Z","article","Chinese Solar Makers Evaded U.S. Tariffs, Investigation Finds"
"2022-11-28T21:48:59Z","article","Chinese Unrest Over Lockdown Upends Global Economic Outlook"
"2022-11-23T13:40:42Z","article","U.S. Blocks Dominican Republic Sugar Imports, Citing Forced Labor"
"2022-11-17T01:16:13Z","article","In Announcing 2024 Bid for Presidency, Trump Echoes Old Falsehoods"
"2022-11-17T00:00:04Z","article","Donald Trump, Grover Cleveland and a Quirk of Presidential History"
"2022-11-15T17:24:40Z","article","At G20 Summit, Xi and Biden Offer Rival Visions for Solving Global Issues"
"2022-11-15T12:40:58Z","article","Xi holds talks with Australia’s prime minister, ending a yearslong freeze in top-level talks."
"2022-11-15T00:00:07Z","article","Trump Is Weak, but the G.O.P. Is Weaker"
"2022-06-18T12:24:51Z","article","The World Has a Choice: Work Together or Fall Apart"
"2022-06-17T23:12:51Z","article","With Funding Stalled, Chip Makers Warn Congress the U.S. Is Lagging"
"2022-06-17T16:45:21Z","article","Covid Vaccine and Fisheries Deals Close a ‘Roller Coaster’ W.T.O. Meeting"
"2022-06-17T13:35:48Z","article","Transcript: Ezra Klein Interviews Rana Foroohar"
"2022-06-17T11:58:14Z","article","She Spoke Out Against Vietnam’s Plans for Coal. Then She Was Arrested."
"2022-06-15T21:19:34Z","article","Your Thursday Briefing: $1 Billion to Ukraine"
"2022-06-15T12:17:32Z","article","How Much Can the Fed Do?"
"2022-06-15T10:27:49Z","article","A Medical Frontier"
"2022-06-15T04:42:29Z","article","Your Wednesday Briefing"
"2022-06-14T22:33:26Z","article","Biden Weighs Tariff Rollback to Ease Inflation, Even a Little Bit"
"2022-06-13T23:00:06Z","article","What a Dying Lake Says About the Future"
"2022-06-13T07:00:11Z","article","India’s Economy Is Growing Quickly. Why Can’t It Produce Enough Jobs?"
"2022-06-11T12:00:04Z","article","Howard Schultz: Starbucks Is Battling for the ‘Hearts and Minds’ of Workers"
"2022-06-10T15:57:18Z","article","An ‘Ugly’ Inflation Report Upended Hopes That Price Gains Would Ease"
"2022-06-10T15:32:22Z","article","U.S. Scrutinizes Swiss Currency Practices"
"2022-06-10T13:19:26Z","article","No Relief in Sight for Prices"
"2022-06-09T05:34:21Z","article","At 82, a Ukrainian artist with memories of World War II tries to capture the current disaster on canvas."
"2022-06-08T19:30:04Z","article","The U.S. Tech Sector Is Looking Weak. That’s a Geopolitical Risk."
"2022-06-08T14:03:40Z","article","White House Struggles to Talk About the ‘Problem From Hell’"
"2022-06-08T09:00:21Z","article","Installing Rooftop Solar Can Be a Breeze. Just Look at Australia."
"2022-06-08T04:30:13Z","article","Recession? Stagflation? British Businesses Wade Through Dire Warnings."
"2022-06-07T15:56:13Z","article","Quick and dirty cash"
"2022-06-07T10:22:40Z","article","A Tax Deal, in Trouble"
"2022-06-07T09:00:18Z","article","Yellen Defends Pandemic Spending as Inflation Persists"
"2022-06-07T04:48:03Z","article","Your Tuesday Briefing"
"2022-06-06T20:55:14Z","article","Your Tuesday Briefing: Boris Johnson Stays in Power"
"2022-06-06T13:08:00Z","article","Biden to Pause New Solar Tariffs as White House Aims to Encourage Adoption"
"2022-06-02T09:00:10Z","article","Is Biden’s Foreign Policy Team the Best of ‘the Blob’?"
"2022-06-01T21:10:27Z","article","Biden Administration to Cut Costs for Wind and Solar Energy Projects"
"2022-06-01T21:00:38Z","article","Your Thursday Briefing: Russia Pushes to Seize Key Eastern City"
"2022-06-01T10:22:22Z","article","Two Telling Numbers"
"2022-06-01T03:25:24Z","article","Your Wednesday Briefing"
"2022-05-31T20:23:16Z","article","Israel Signs Trade Deal With U.A.E."
"2022-05-31T18:05:06Z","article","How Putin Has Played His Energy Cards"
"2022-05-30T09:00:11Z","article","Russia or China? The U.S. Has a Choice to Make."
"2022-05-26T15:54:07Z","article","U.S. Aims to Constrain China by Shaping Its Environment, Blinken Says"
"2022-05-24T10:31:45Z","article","Biden’s Tough Words"
"2022-05-23T20:54:57Z","article","Your Tuesday Briefing: Biden’s Pledge to Taiwan"
"2022-05-23T16:20:33Z","article","Debate Over Tariffs Reveals Biden’s Difficulties on China Trade"
"2022-05-23T10:34:40Z","article","Biden in Asia"
"2022-05-23T07:16:08Z","article","Biden to Begin New Asia-Pacific Economic Bloc With a Dozen Allies"
"2022-05-22T20:58:48Z","article","Your Monday Briefing: Australia’s New Leader"
"2022-05-20T19:34:49Z","article","Baby Formula Shortage Has an Aggravating Factor: Few Producers"
"2022-05-20T14:56:15Z","article","In South Korea, Biden Seeks to Rebuild Economic Ties Across Asia"
"2022-05-19T18:56:30Z","article","Big Questions Remain About White House Plan to Speed Formula to Shelves"
"2022-05-19T13:37:24Z","article","G7 Finance Ministers Race to Secure More Ukraine Aid"
"2022-05-19T09:00:25Z","article","U.S. Aims to Cripple Russian Oil Industry, Officials Say"
"2022-05-18T14:51:46Z","article","Yellen warns price increases are causing global ‘stagflationary effects.’"
"2022-05-18T09:12:00Z","article","Economic Headwinds Mount as Leaders Weigh Costs of Confronting Russia"
"2022-05-18T03:48:56Z","article","Your Wednesday Briefing"
"2022-05-17T12:18:06Z","article","In Risky Move, U.K. Says It May Scrap Northern Ireland Trade Rules"
"2022-05-17T09:15:08Z","article","Yellen Calls on Europe to Boost Ukraine Aid"
"2022-05-17T09:00:22Z","article","These Two Immediate Steps Will Help Alleviate the Formula Shortage"
"2022-05-16T09:00:16Z","article","Yellen Looks to Get Global Tax Deal Back on Track During Europe Trip"
"2022-05-12T22:26:57Z","article","Under Pressure to Act, White House Says It’ll Address Formula Shortage"
"2022-05-10T13:01:22Z","article","Peloton Plunge"
"2022-05-09T21:03:09Z","article","Your Tuesday Briefing: A Marcos Victory?"
"2022-05-09T15:01:52Z","article","U.S. to Lift Tariffs on Ukrainian Steel"
"2022-05-09T14:14:44Z","article","Britain’s defense chief accuses Moscow of mirroring the Nazis’ behavior by invading a sovereign country."
"2022-05-09T09:00:14Z","article","Biden Could Make the World Safer, but He’s Too Afraid of the Politics"
"2022-05-03T23:52:40Z","article","And Now, the $200,000 Face-Lift"
"2022-05-03T10:01:49Z","article","Readers ask: What are the major sanctions imposed on Russia, and what could be the most crippling?"
"2022-05-03T09:00:21Z","article","The Era of Cheap and Plenty May Be Ending"
"2022-05-01T20:54:55Z","article","Your Monday Briefing: Pelosi Visits Ukraine"
"2022-04-29T16:08:36Z","article","City Living, With Less Water"
"2022-04-29T09:00:20Z","article","Solar Industry ‘Frozen’ as Biden Administration Investigates China"
"2022-04-28T21:19:02Z","article","Biden Seeks Military Aid for Ukraine"
"2022-04-28T20:43:29Z","article","Your Friday Briefing: China’s Stimulus Plan"
"2022-04-28T17:50:33Z","article","China suspends import tariffs on coal, helping Russian exports."
"2022-04-27T17:28:09Z","article","China Continues to Fall Short of Promises to Protect Intellectual Property, U.S. Says"
"2022-04-26T16:33:51Z","article","Food, Fertilizer and the Future"
"2022-04-26T09:00:21Z","article","Biden Has Already Done More for Rural America Than Trump Ever Did"
"2022-04-19T09:00:07Z","article","The Strange History of American Conservatism"
"2022-04-18T02:01:15Z","article","China’s Economic Trends Hint at Cost of Zero Covid Strategy"
"2022-04-15T19:09:00Z","article","Trump Endorses J.D. Vance in Republican Primary for Senate in Ohio"
"2022-04-15T09:00:35Z","article","Faced With a Changed Europe, China Sticks to an Old Script"
"2022-04-12T08:09:07Z","article","New Zealand will send troops to Europe to aid the Ukraine war effort."
"2022-04-11T23:00:07Z","article","Trade and Peace: The Great Illusion"
"2022-04-11T07:00:16Z","article","‘Cheap as Chips’ No Longer True in U.K. as Prices Soar for a Favorite Meal"
"2022-04-08T21:35:37Z","article","Donations Steered to Trump Super PAC by Canadian Are Found to Be Illegal"
"2022-04-08T09:00:20Z","article","Globalization Is Over. The Global Culture Wars Have Begun."
"2022-04-07T23:03:08Z","article","West Moves to Curb Russian Coal and Trade Over Ukraine War"
"2022-04-07T15:39:20Z","article","Congress Sends Legislation Suspending Normal Trade With Russia to Biden"
"2022-03-31T16:41:55Z","article","10 New Books We Recommend This Week"
"2022-03-31T15:44:21Z","article","A Farmer’s Dozen From Bordeaux"
"2022-03-29T10:14:35Z","article","Transcript: Ezra Klein Interviews Larry Summers"
"2022-03-27T11:00:07Z","article","The Week in Business: Attempts to Prop Up the Russian Economy"
"2022-03-24T11:54:33Z","article","Wall Street Warns About the End of Globalization"
"2022-03-23T21:22:36Z","article","The Biden administration will allow some Chinese imports to avoid Trump-era tariffs."
"2022-03-23T12:00:24Z","article","Measuring the Risk of Recession"
"2022-03-23T05:00:46Z","article","Your Wednesday Briefing"
"2022-03-22T22:35:45Z","article","The U.S. scales back metal tariffs as Britain lifts duties on American whiskey and jeans."
"2022-03-22T21:07:12Z","article","Ukraine War and Pandemic Force Nations to Retreat From Globalization"
"2022-03-19T12:00:05Z","article","How to Fight Inflation in Wartime"
"2022-03-18T10:27:48Z","article","Covid and the ‘Very Liberal’"
"2022-03-17T20:11:20Z","article","House Votes to Suspend Normal Trade Relations With Russia"
"2022-03-15T23:10:06Z","article","Republican in Ohio Senate Primary Spoke Offensively About Asians"
"2022-03-14T15:31:20Z","article","Zelensky will address Congress in a virtual speech on Wednesday."
"2022-03-13T11:38:34Z","article","Europe Awakens"
"2022-03-11T23:24:45Z","article","Your Friday Evening Briefing"
"2022-11-14T10:00:08Z","article","If You Want to Understand How Dangerous Elon Musk Is, Look Outside America"
"2022-11-13T11:00:05Z","article","Biden Is Wasting Precious Time Fighting for America’s ‘Soul’"
"2022-11-12T13:00:12Z","article","Yellen Calls for ‘Stabilizing’ U.S. Relations With China Ahead of G20"
"2022-11-11T17:08:44Z","article","For Biden and Xi, a Long Relationship With Rising Mutual Suspicion"
"2022-11-11T13:56:43Z","article","U.S. Seeks Closer Ties With India as Tension With China and Russia Builds"
"2022-11-10T10:00:11Z","article","Why the Red Wave Didn’t Materialize"
"2022-11-08T10:00:09Z","article","How We’ve Come to Genuflect to the ‘Free Market’"
"2022-11-03T01:50:08Z","article","Extremism Is on the Rise … Again"
"2022-11-02T09:00:24Z","article","‘Elites Are Making Choices That Are Not Good News’"
"2022-11-01T23:25:15Z","article","How China Lost America"
"2022-03-11T16:03:20Z","article","U.S. and Allies Move to Further Isolate Russia From Global Economy"
"2022-03-11T11:34:09Z","article","‘Economic War’"
"2022-03-11T10:59:56Z","article","Here are the latest developments in Ukraine."
"2022-03-11T10:00:03Z","article","The Democrats’ Historic Successes and Contemporary Failures"
"2022-03-11T07:49:50Z","article","Here are the latest developments in Ukraine."
"2022-03-11T04:59:17Z","article","Biden will call for suspending normal trade relations with Russia."
"2022-03-10T10:00:27Z","article","Australia Asks: How Far Is Too Far in Making China a Campaign Weapon?"
"2022-03-08T10:00:03Z","article","The Hidden Story of the North’s Victory in the Civil War"
"2022-03-07T22:31:08Z","article","Your Monday Evening Briefing"
"2022-03-07T18:26:07Z","article","Congress moves to bar Russian energy imports and end favorable trade relations."
"2022-10-28T02:05:08Z","article","The Robber Barons Had Nothing on Elon Musk"
"2022-10-24T09:00:23Z","article","Why OPEC Is Cutting Oil Production (and Why There’s Not Much the U.S. Can Do About It)"
"2022-10-21T13:38:09Z","article","As Britain’s Economy Stumbles, One Sector Is Booming: Whisky"
"2022-10-21T11:51:38Z","article","The Race Is On to Find the U.K.’s Next Prime Minister"
"2022-10-21T09:00:30Z","article","Tim Ryan Is Winning the War for the Soul of the Democratic Party"
"2022-10-13T23:00:09Z","article","When Trade Becomes a Weapon"
"2022-10-05T09:00:31Z","article","What Does Sustainable Living Look Like? Maybe Like Uruguay"
"2022-09-28T09:00:10Z","article","What Can History Tell Us About the Roe Effect on the Midterms?"
"2022-09-28T07:00:12Z","article","Zambia and Its New President Are Still on Their Honeymoon"
"2022-09-26T09:00:23Z","article","TikTok Seen Moving Toward U.S. Security Deal, but Hurdles Remain"
"2022-09-26T07:00:12Z","article","Factory Jobs Are Booming Like It’s the 1970s"
"2022-09-22T12:53:10Z","article","Why Fog Is So Vital to Life in California"
"2022-09-21T10:38:19Z","article","U.K. Cuts Energy Bills for Companies Through Winter"
"2022-09-13T17:52:36Z","article","The U.S. Touts Big Investments for Mexico, Testing Its Nationalist Policies"
"2022-09-13T09:00:03Z","interactive","Stock Trades Reported by Nearly a Fifth of Congress Show Possible Conflicts"
"2022-09-12T09:00:16Z","article","Store Shelves Are No Longer Bare, but Baby Formula Remains in Short Supply"
"2022-09-09T20:10:30Z","article","Biden Administration Outlines Scope of Asian Economic Pact"
"2022-09-08T19:51:03Z","article","Yellen Embarks on Economic Victory Tour as Midterm Elections Approach"
"2022-09-08T12:20:58Z","article","BlackRock Seeks to Defend Its Reputation Over E.S.G. Fight"
"2022-09-08T08:58:19Z","article","The Days of Energy Deregulation Are Over in Europe"
"2022-09-06T16:30:05Z","article","The World Is Getting Less Flat"
"2022-09-05T09:00:12Z","article","Even With Biden as a Pro-Labor Champion, Unionizing Is Still a Grind"
"2022-09-04T07:00:14Z","article","India’s Electric Vehicle Push Is Riding on Mopeds and Rickshaws"
"2022-09-04T04:29:45Z","article","China Threatens Reaction After U.S. Announces Arms Sales to Taiwan"
"2022-09-01T11:54:05Z","article","Big Tech Reconsiders the “Made in China” Way"
"2022-09-01T09:01:10Z","article","Tech Companies Slowly Shift Production Away From China"
"2022-08-30T20:48:47Z","article","Mikhail S. Gorbachev, Reformist Soviet Leader, Is Dead at 91"
"2022-08-30T09:00:41Z","article","The Enduring Echoes of Moorish Spain"
"2022-08-26T06:49:03Z","article","Bills in Britain Will Soar 80% as Energy Crisis Crashes Into Europe"
"2022-08-17T09:00:26Z","article","Mexico Sees Its Energy Future in Fossil Fuels, Not Renewables"
"2022-08-13T15:02:40Z","article","The New York Times’s Interview With Suraj Patel"
"2022-08-09T05:03:14Z","article","A View From China on How Perceptions of America Have Changed"
"2022-08-06T15:00:05Z","article","The U.S. Relationship With China Does Not Need to Be So Tense"
"2022-08-04T17:55:47Z","article","The Problem With Wine Bottles"
"2022-08-03T17:15:13Z","article","America’s Chinese Tech Ban Didn’t Stick"
"2022-08-03T15:27:41Z","article","Endless Lines, Baffling Delays, Crocs for Days"
"2022-08-03T09:00:16Z","article","Trump Has Big Plans for 2025, and He Doesn’t Care Whether You Think He’ll Win"
"2022-07-28T21:19:52Z","article","Your Friday Briefing: Biden and Xi’s Fraught Phone Call"
"2022-07-28T17:23:40Z","article","Biden and Xi Conduct Marathon Call During Time of Rising Tensions"
"2022-07-28T09:00:31Z","article","They Flocked to China for Boom Times. Now They’re Thinking Twice."
"2022-07-28T02:52:28Z","article","With Beijing and Washington at odds over Russia, China’s domestic issues hang over a Biden-Xi call."
"2022-07-28T01:05:58Z","article","China’s Domestic Troubles Will Hang Over Biden-Xi Call"
"2022-07-24T16:01:05Z","article","On U.S. Foreign Policy, the New Boss Acts a Lot Like the Old One"
"2022-07-20T17:16:17Z","article","Delay as the New Denial: The Latest Republican Tactic to Block Climate Action"
"2022-07-20T14:30:36Z","article","America’s Safety Net for Workers Hurt by Globalization Is Falling Apart"
"2022-07-20T13:00:09Z","article","The Biden administration will challenge Mexico’s state control of its energy industry."
"2022-07-18T09:00:01Z","interactive","This Pioneering Economist Says Our Obsession With Growth Must End"
"2022-07-17T10:00:06Z","article","Why a Middle-Class Lifestyle Remains Out of Reach for So Many"
"2022-07-13T04:36:25Z","article","In Divide Over Ukraine, China Stakes a Position Further From U.S."
"2022-07-12T22:06:03Z","article","After Summit Snub, Biden Meets With Mexican President"
"2022-07-09T21:19:00Z","article","Blinken presses his Chinese counterpart about the war."
"2022-07-09T15:06:22Z","article","America Can’t Allow China to Keep Crushing Our Solar Energy Industry"
"2022-07-09T12:26:27Z","article","Blinken Presses China’s Top Diplomat on Ukraine but Stresses Cooperation"
"2022-07-08T19:01:05Z","article","Boris Johnson Leaves a Mixed Legacy With His Brexit Gambit"
"2022-07-05T12:29:26Z","article","Crypto Crashed. Wall Street Won."
"2022-07-05T09:00:13Z","article","Veterans of Carter-Era Inflation Warn That Biden Has Few Tools to Tame Prices"
"2022-07-05T07:00:12Z","article","Has Biden’s Top Diplomat in Mexico Gone Too Far, Officials Ask?"
"2022-06-30T08:01:40Z","article","Israel’s Parliament Dissolves, Paving Way for 5th Election in 4 Years"
"2022-06-29T19:00:06Z","article","As Big Business Is Accused of Becoming ‘Woke,’ Small Business Is Looking to Go Its Own Way"
"2022-06-27T08:01:07Z","article","U.S. officials say the G7 is close to an agreement on price caps on Russian oil."
"2022-06-24T07:18:36Z","article","After Years of Acrimony, China and Australia Cautiously Reach Out"
"2022-06-22T22:00:04Z","article","Is Inflation About to Cause a Recession?"
"2022-06-22T18:36:43Z","article","Biden’s top trade negotiator defended China tariffs as an important source of leverage."
"2022-06-22T09:00:38Z","article","First Pineapples, Now Fish: To Pressure Taiwan, China Flexes Economic Muscle"
"2022-06-21T20:41:40Z","article","Israeli Government Collapse Gives Netanyahu Another Chance at Power"
"2022-06-21T16:13:53Z","article","Corporate Money Supporting the ‘Big Lie’"
"2022-06-21T12:11:58Z","article","Biden’s TikTok Problem"
"2022-06-21T00:22:11Z","article","He Promised to Transform Colombia as President. Can He Fulfill That Vow?"
"2022-06-19T11:00:08Z","article","The Week in Business: The Fed Goes Big"
"2022-06-18T21:52:50Z","article","Biden Takes Tumble During Bike Ride in Delaware"
"2023-12-30T12:51:24Z","article","11 Charts That Explain the Year in Business, Technology and the Economy"
"2023-12-30T05:01:55Z","article","‘There’s No Other Job’: The Colonial Roots of Philippine Poverty"
"2023-12-29T13:32:40Z","article","The Weekender"
"2023-12-26T10:01:11Z","article","A New Tax on Imports and a Split From China: Trump’s 2025 Trade Agenda"
"2023-12-25T14:00:11Z","article","Diplomacy Is Best Conducted at the Dinner Table"
"2023-12-24T08:01:51Z","article","Two Wars, 50 Elections: The Economy Faces Rising Geopolitical Risks"
"2023-12-22T11:57:56Z","article","BYD, a Chinese Powerhouse in Electric Cars, Will Build a Plant in Hungary"
"2023-12-21T12:49:19Z","article","Why a Warner Bros.-Paramount Merger Does (and Doesn’t) Makes Sense"
"2023-12-20T12:47:24Z","article","Washington Comes for the U.S. Steel Deal"
"2023-12-19T05:00:22Z","article","An Anti-L.G.B.T.Q. Law in Uganda Is Hurting the Economy"
"2023-12-18T12:06:56Z","article","U.S. Steel to Be Bought by Japanese Rival After Takeover Drama"
"2023-12-18T10:00:42Z","article","The Secret of Trump’s Appeal Isn’t Authoritarianism"
"2023-12-13T13:26:22Z","article","What’s Missing From the COP28 Climate Deal"
"2023-12-13T10:01:52Z","article","Trump ‘Could Tip an Already Fragile World Order Into Chaos’"
"2023-12-13T05:11:59Z","article","Wednesday Briefing"
"2023-12-12T21:01:20Z","article","Wednesday Briefing: Biden Says Israel Is Losing Support"
"2023-12-12T13:00:08Z","article","Lawmakers Call for Raising Tariffs and Severing Economic Ties With China"
"2023-12-11T10:00:14Z","article","Ron DeSantis ‘Banned China From Buying Land in the State of Florida.’ How Did We Get Here?"
"2023-12-09T15:00:25Z","article","What (and Why) Will We Buy in 2024?"
"2023-12-07T05:07:56Z","article","E.U. Leaders in China Press Xi on Russia and Trade Imbalance"
"2023-08-04T07:00:00Z","interactive","Topline Results: Times/Siena Poll of Likely Iowa Republican Caucusgoers"
"2023-08-01T20:45:30Z","article","Solar Power’s China Problem"
"2023-07-31T21:35:07Z","article","Ukraine is moving to export grain through Croatia’s ports."
"2023-07-31T07:00:03Z","interactive","Cross-Tabs: July 2023 Times/Siena Poll of the Race for Republican Nominee for President"
"2023-07-31T07:00:01Z","interactive","Toplines: July 2023 Times/Siena Poll of the Likely Republican Primary Electorate"
"2023-07-21T09:35:08Z","article","Why Is Switzerland — of All Places — Importing So Much Cheese?"
"2023-07-19T21:25:53Z","article","Your Thursday Briefing: China Rejects U.S. Climate Overtures"
"2023-07-19T08:12:19Z","article","Jaguar Land Rover’s Owner to Build Battery Plant in England"
"2023-07-17T05:04:40Z","article","Russia pulls out of the Black Sea grain deal."
"2023-07-15T12:00:06Z","article","Why Deep-Sea Mining Is the Next Battleground in the Energy Transition"
"2023-07-15T09:00:30Z","article","The U.S. and China Are Restarting Climate Talks: Here’s Where Things Stand"
"2023-07-14T09:00:56Z","article","Uruguay Saw Opportunity in China. It Got Schooled in the Hazards of Trade."
"2023-07-10T12:59:48Z","article","Artifacts Stolen From Kenya Decades Ago Are Returned"
"2023-07-09T06:24:28Z","article","China and the U.S., Still Adversaries, Are Talking. That’s a Start."
"2023-07-07T14:07:53Z","article","Looming UPS Strike Spurs Some Companies to Rethink Supply Chains"
"2023-07-07T09:00:40Z","article","U.S. Raises Pressure on China to Combat Global Fentanyl Crisis"
"2023-07-06T04:00:12Z","article","Yellen Faces a Diplomatic Test in Her High-Stakes Visit to China"
"2023-07-04T04:00:10Z","article","Yellen’s China Visit Aims to Ease Tensions Amid Deep Divisions"
"2023-07-03T00:00:09Z","article","Yellen to Visit China in Bid to Steady Economic Ties"
"2023-06-23T19:00:02Z","article","The Many Minds Behind Biden’s Biggest Economic Idea"
"2023-06-23T12:23:33Z","article","Economists Warn a ‘Summer of Fun’ Could Lead to Autumn Pain"
"2023-06-19T18:19:24Z","article","China’s Rebound Hits a Wall, and There Is ‘No Quick Fix’ to Revive It"
"2023-06-18T07:00:37Z","article","Why It Seems Everything We Knew About the Global Economy Is No Longer True"
"2023-06-17T09:00:36Z","article","As U.S. and Chinese Officials Meet, Businesses Temper Their Hopes"
"2023-06-16T20:48:33Z","article","Famed Wine Store Sherry-Lehmann Faces Criminal Investigation"
"2023-06-15T09:00:25Z","article","As Ties to China Turn Toxic, Even Chinese Companies Are Breaking Them"
"2023-06-13T19:36:18Z","article","Yellen Says Bid to Decouple From China Would Be ‘Disastrous’"
"2023-06-10T13:39:29Z","article","Worldwide, Trump’s Latest Legal Woes Draw Outrage, and Shrugs"
"2023-06-08T17:39:04Z","article","Biden and Sunak will look for ways to protect supply chains against global threats."
"2023-06-06T21:37:09Z","article","Pence Seeks to Go Where No Vice President Has Gone Before"
"2023-06-06T17:09:24Z","article","Making Manufacturing Great Again"
"2023-06-02T14:09:42Z","article","The Treasury Paradox"
"2023-06-02T09:00:26Z","article","Transcript: Ezra Klein Interviews Fareed Zakaria"
"2023-05-31T09:00:20Z","article","I Went to China for the First Time in 3 Years, and I Saw Just How Formidable It Is"
"2023-05-30T04:30:04Z","article","A Veteran Business Journalist (and Wine Lover) Learns an Age-Old Lesson"
"2023-05-27T18:27:18Z","article","Biden Administration Announces Indo-Pacific Deal, Clashing With Industry Groups"
"2023-05-25T15:15:57Z","article","An Iconic Wine Store and the Mystery of the Missing Bottles"
"2023-05-25T11:58:44Z","article","America’s ‘Neoliberal’ Consensus Might Finally Be Dead"
"2023-05-25T09:00:34Z","article","The Policy Fights Where DeSantis Sees His Chance to Hit Trump"
"2023-05-23T08:20:41Z","article","Lessons From a Renters’ Utopia"
"2023-05-22T23:00:06Z","article","Working From Home and Realizing What Matters"
"2023-05-19T10:33:38Z","article","Britain’s Briefest Prime Minister Gets a Warmer Welcome in Taiwan"
"2023-05-19T09:00:18Z","article","Two Theories for Beating Trump in the Primary"
"2023-05-17T12:42:36Z","article","Washington Confronts the Challenge of Policing A.I."
"2023-05-16T19:55:23Z","article","Biden Vetoes Legislation That Would Reinstate Tariffs on Some Solar Panels"
"2023-05-12T21:05:05Z","article","Some U.S. Solar Makers Criticize Biden’s Tax Credits as Too Lax on China"
"2023-05-12T09:00:37Z","article","Migrants Deported to Mexico Face Criminals and Predatory Officials"
"2023-05-10T21:55:59Z","article","Mexico Allows Tens of Thousands of Migrants to Travel to U.S. Border"
"2023-05-09T18:28:49Z","article","How to Think About Green Industrial Policy"
"2023-05-09T13:53:52Z","article","As the European Union celebrates Europe Day, its top official offers encouragement in Kyiv."
"2023-05-03T22:37:53Z","article","Congress Clashes With Biden Over Tariffs on Illegal Chinese Solar Panels"
"2023-05-03T09:00:38Z","article","The President, the Soccer Hooligans and an Underworld ‘House of Horrors’"
"2023-05-02T20:47:01Z","article","Your Wednesday Briefing: A Deep Look at Korean Comfort Women"
"2023-05-02T09:00:40Z","article","In China, It’s Time to Splurge Again, and the Luxury Industry Is Relieved"
"2023-05-02T09:00:34Z","article","Shein, Fast Fashion Hit With Gen Z, Tries Charm to Counter Scrutiny"
"2023-04-28T20:22:59Z","article","E.U. Extends Tariff Waiver for Ukrainian Grain, Despite Some Protests"
"2023-04-28T11:46:21Z","article","The E.U. will keep letting in Ukrainian grains without tariffs."
"2023-04-25T23:18:12Z","article","Lavrov says the grain deal gives nothing to Russia, adding to doubts that it will agree to an extension."
"2023-04-25T17:29:41Z","article","A New Tax on Greenhouse Gases"
"2023-04-25T05:00:12Z","article","Angry Farmers Pierce Europe’s United Front on Ukraine"
"2023-04-24T14:02:02Z","article","On His Podcast ‘Wine and Hip Hop,’ Jermaine Stone Aims to Bridge Cultures"
"2023-04-21T04:43:48Z","article","Your Friday Briefing"
"2023-04-20T23:00:08Z","article","Making Manufacturing Greater Again"
"2023-04-20T20:32:01Z","article","How Freeing Ukraine’s Trapped Grain Rankled Farmers Elsewhere in Europe"
"2023-04-20T12:53:10Z","article","Here is why Ukrainian grain imports are stirring tempers in parts of Europe."
"2023-04-20T10:56:09Z","article","E.U. grain proposals aim to maintain unity against Russia’s invasion."
"2023-04-19T21:06:07Z","article","An E.U. proposal offers help to European farmers affected by Ukrainian grain shipments."
"2023-04-18T21:32:04Z","article","Art Collector Who Financed Hezbollah Evaded Sanctions, Prosecutors Say"
"2023-04-17T15:19:12Z","article","Ukraine seeks to reopen transit routes for its grain as more countries look to impose import bans."
"2023-04-17T04:01:04Z","article","Your Monday Briefing"
"2023-04-16T10:44:13Z","article","E.U. Cries Foul as Poland and Hungary Ban Ukraine Grain Imports"
"2023-04-13T17:54:23Z","article","F.B.I. Feared Lawmaker Was Target of Foreign Intelligence Operation"
"2023-04-10T16:49:39Z","article","After protests in Poland over Ukrainian grain supplies, Kyiv and Warsaw reach a deal."
"2023-04-07T21:21:55Z","article","European farmers stage protests, saying Ukraine’s grain threatens their livelihoods."
"2023-04-04T09:00:44Z","article","Watch Wonders Never Cease"
"2023-04-03T14:42:21Z","article","Biden’s Reluctant Approach to Free Trade Draws Backlash"
"2023-03-29T23:00:14Z","article","Can India Change the World?"
"2023-03-25T09:00:38Z","article","The Lure of the ‘Made in America’ Sales Pitch"
"2023-03-24T15:30:07Z","article","In Canada, Biden Offers Cooperation, Not Threats"
"2023-03-23T09:14:09Z","article","China’s Rise Relied on Ties to the West, Which Xi Is Now Loosening"
"2023-03-22T21:46:38Z","article","The DeSantis Foreign Policy: Hard Power, but With a High Bar"
"2023-03-17T11:53:52Z","article","Submarine Deal With U.S. and U.K. Sparks Debate in Australia"
"2023-03-17T04:59:17Z","article","Your Friday Briefing"
"2023-03-16T20:45:22Z","article","Your Friday Briefing: Macron Pushes Through Pension Bill"
"2023-03-16T09:00:47Z","article","China Wine Tariff Pushes Australia’s Grape Growers Into Crisis"
"2023-03-14T19:19:50Z","article","Transcript: Ezra Klein Interviews Dan Wang"
"2023-03-12T10:00:09Z","article","A Chinese Commonwealth? An Unpopular Idea Resurfaces in Taiwan."
"2023-03-08T23:46:44Z","article","U.S. and Europe Angle for New Deal to Resolve Climate Spat"
"2023-03-07T19:38:30Z","article","Same Message, Bigger Audience: Sen. Whitehouse Flags Climate Costs"
"2023-03-07T06:36:59Z","article","China’s Leader, With Rare Bluntness, Blames U.S. Containment for Troubles"
"2023-03-06T17:24:16Z","article","U.S. to Challenge Mexican Ban on Genetically Modified Corn"
"2023-02-25T00:13:51Z","article","Biden Reaffirms Support for Ukraine Amid Concerns About Russia-Iran Ties"
"2023-02-24T14:10:10Z","article","The U.S. announces new sanctions on over 200 individuals and entities found to be helping Russia’s war."
"2023-02-21T11:00:08Z","article","Why ‘Made in China’ Is Becoming ‘Made in Mexico’"
"2023-02-16T00:40:08Z","article","The ‘Wicked Wisdom’ of Ron DeSantis"
"2023-02-15T23:15:03Z","article","U.S.-China Relations Keep Getting Worse. Do They Have To?"
"2023-02-10T20:00:06Z","article","Don’t Buy Biden’s ‘Buy American’"
"2023-02-09T19:04:55Z","article","Dead Chicks and Rotting Meat: South Africa Declares ‘Disaster’ Over Power Cuts"
"2023-02-09T18:40:11Z","article","‘Not Just a Silly Balloon’: Dismay and Fear Over Another U.S.-China Clash"
"2023-02-07T13:49:04Z","article","America’s Trade Deficit Surged in 2022, Nearing $1 Trillion"
"2023-12-07T05:02:01Z","article","U.S. Spending on Clean Energy and Tech Spurs Allies to Compete"
"2023-12-06T20:49:44Z","article","Addressing the Tensions Between China and the Rest of the World"
"2023-12-06T17:06:55Z","article","E.U. Relaxes Trade Rules on Electric Cars From Britain"
"2023-12-05T15:56:50Z","article","Nikki Haley’s Path From Trump Critic to Defender and Back"
"2023-12-03T14:00:25Z","article","The Books That Explain Where We Are in 2023"
"2023-12-01T23:53:05Z","article","Paleoconservative or Moderate? Questions for Staffing the Next G.O.P. White House."
"2023-12-01T23:52:28Z","interactive","A Questionnaire for Applicants to the Next Conservative White House"
"2023-11-30T06:41:03Z","article","To Many Chinese, Kissinger’s Death Ends an Era in U.S.-China Relations"
"2023-11-27T15:05:55Z","article","Could Biden’s Clean Energy Push Be a Victim of Its Success?"
"2023-11-23T16:00:22Z","article","The High Stakes of Low Quality"
"2023-02-06T18:16:20Z","article","Harris Announces Funding to Address Root Causes of Migration Crisis"
"2023-02-05T12:00:07Z","article","Taking Aim at Trump, Koch Network Will Back G.O.P. Primary Candidates"
"2023-02-03T10:00:37Z","article","Why Chinese Companies Are Investing Billions in Mexico"
"2023-02-01T17:38:06Z","article","Small and Scrappy Is the Way for London’s Galleries After Brexit"
"2023-01-27T15:19:00Z","article","Transcript: Ezra Klein Interviews Jessica Chen Weiss"
"2023-01-25T23:00:07Z","article","Your Wednesday Evening Briefing"
"2023-01-25T10:00:26Z","article","Climate Change May Usher in a New Era of Trade Wars"
"2023-01-24T12:23:30Z","article","Transcript: Ezra Klein Interviews Yuen Yuen Ang"
"2023-01-20T14:23:27Z","article","1898: Anglo-Siberian Trade"
"2023-01-20T10:00:38Z","article","The Death of Globalization? You Won’t Find It in New Orleans."
"2023-11-22T10:02:54Z","article","The Clearest Lesson of Javier Milei’s Thumping Victory"
"2023-11-21T06:00:30Z","article","Is Ireland Headed for a Merger?"
"2023-11-19T03:35:18Z","article","Trump Focuses on Iowa as He Looks to Close Out the Republican Race"
"2023-11-15T10:02:44Z","article","Fact-Checking Haley and DeSantis in Their Race to Rival Trump"
"2023-11-15T10:00:46Z","article","How Trump Plans to Wield Power in 2025: What We Know"
"2023-11-14T05:00:24Z","article","The Rise and Fall of the World’s Most Successful Joint Venture"
"2023-11-13T22:02:01Z","article","Biden’s Pacific Trade Pact Suffers Setback After Criticism From Congress"
"2023-11-10T21:33:27Z","article","Yellen Says U.S. Wants ‘Healthy’ Economic Ties With China"
"2023-11-07T10:02:04Z","article","Lavish Tax Credits and Trade Protections Lure Solar Firms to U.S."
"2023-11-06T20:00:03Z","article","How Democrats Lost Voters With a ‘Compensate Losers’ Strategy"
"2023-11-06T05:01:14Z","article","More Semiconductors, Less Housing: China’s New Economic Plan"
"2023-11-05T10:01:36Z","interactive","Nevada Cross-Tabs: October 2023 Times/Siena Poll"
"2023-11-05T10:01:33Z","interactive","Cross-Tabs: October 2023 Times/Siena Poll of the 2024 Battlegrounds"
"2023-11-05T10:01:31Z","interactive","Likely Electorate Cross-Tabs: October 2023 Times/Siena Poll of the 2024 Battlegrounds"
"2023-11-05T10:01:29Z","interactive","Arizona Cross-Tabs: October 2023 Times/Siena Poll"
"2023-11-05T10:01:27Z","interactive","Michigan Cross-Tabs: October 2023 Times/Siena Poll"
"2023-11-05T10:01:27Z","interactive","Georgia Cross-Tabs: October 2023 Times/Siena Poll"
"2023-11-05T10:01:21Z","interactive","Pennsylvania Cross-Tabs: October 2023 Times/Siena Poll"
"2023-11-05T10:01:19Z","interactive","Wisconsin Cross-Tabs: October 2023 Times/Siena Poll"
"2023-11-04T12:00:09Z","article","U.S. Retailers Say an Old Trade Law Puts Them at a Disadvantage"
"2023-11-04T02:32:10Z","article","Why China and Australia Are Reconciling. Sort of."
"2023-10-30T19:00:02Z","article","The Patent Fight That Could Take Apple Watches Off the Market"
"2023-10-27T08:56:02Z","article","How Are You Preparing for a Summer of Fires?"
"2023-10-25T17:17:39Z","article","Biden Reaffirms Support for Israel but Calls for Protection of Civilians"
"2023-10-24T20:48:09Z","article","On the Agenda for Australia’s State Visit: China, Trade and a U.S. Marine Band"
"2023-10-24T09:01:16Z","article","How Columbia Sportswear Is Loosening Its Ties to Asia"
"2023-10-23T11:46:40Z","article","Companies Are Caught in the Israel-Hamas War’s Crossfire"
"2023-10-23T04:01:11Z","article","Monday Briefing"
"2023-10-22T20:38:23Z","article","Monday Briefing: Israel Orders More Evacuations"
"2023-10-22T08:36:12Z","article","Australia Says China Is Poised to Lift Punishing Wine Tariffs"
"2023-10-18T02:01:18Z","article","China’s Economy Gets a Boost From Beijing, but Housing Woes Persist"
"2023-10-10T15:10:42Z","article","U.S. Scales Back Hopes for Ambitious Climate Trade Deal With Europe"
"2023-10-05T12:07:09Z","article","New Details About FTX Emerge as Bankman-Fried’s Trial Begins"
"2023-10-05T04:00:14Z","article","China’s E.V. Threat: A Carmaker That Loses $35,000 a Car"
"2023-10-04T07:37:06Z","article","The 8-Year-Old Boy at the Heart of a Fight Over Tibetan Buddhism"
"2023-10-04T07:01:57Z","article","Here’s What to Know About Tensions Over Tibetan Buddhism"
"2023-09-27T07:00:28Z","article","Trump, Weighing In on Auto Strike, Has a Mixed Legacy on Unions"
"2023-09-25T09:02:12Z","article","Vivek Ramaswamy Is Confused"
"2023-09-23T11:00:06Z","article","The U.S. Is Pulling Back From China. How Far Is Too Far?"
"2023-09-22T12:01:13Z","article","U.S. and China Agree to New Economic Dialogue Format"
"2023-09-21T19:30:50Z","article","G.O.P. Candidates Focus on China to Demonstrate Foreign Policy Credentials"
"2023-09-20T09:02:10Z","article","Pro-Choice? Pro-Union? Donald Trump Has a Deal for You."
"2023-09-19T12:34:18Z","article","Building His Profile on Global Stage, U.K. Opposition Leader Meets Macron"
"2023-09-19T11:03:22Z","article","Ukraine files a complaint to the World Trade Organization over grain bans."
"2023-09-16T09:37:52Z","article","Three Neighbors of Ukraine Ban Its Grain as E.U. Restrictions Expire"
"2023-09-16T09:00:54Z","article","Biden to Target Industrial Pollution in a 2nd Term, if He Gets One"
"2023-09-13T19:00:04Z","article","An Economic Case Against Environmental Doomsayers"
"2023-09-13T08:27:21Z","article","European Union Will Investigate Chinese Subsidies of Electric Cars"
"2023-09-13T04:00:18Z","article","Modi Wants to Make India a Chip-Making Superpower. Can He?"
"2023-09-11T09:02:24Z","article","As Smartphone Industry Sputters, the iPhone Expands Its Dominance"
"2023-09-08T19:00:04Z","article","The Latest Thinking on Biden’s Biggest Economic Idea"
"2023-09-07T03:52:24Z","article","China Is Flooding the World With Cars"
"2023-09-04T14:00:07Z","article","Plus-Size Female Shoppers ‘Deserve Better’"
"2023-09-02T11:00:17Z","article","Should Right-Wing Populists Despair?"
"2023-09-01T16:03:21Z","article","Hezbollah Sanctions Case Highlights Frailties in the Art Market"
"2023-09-01T09:01:38Z","article","Texas Is the Latest State to Drop the ‘Tampon Tax’"
"2023-08-29T23:00:09Z","article","How Do We Manage China’s Decline?"
"2023-08-29T14:53:24Z","article","Factories May Be Leaving China, but Trade Ties Are Stronger Than They Seem"
"2023-08-28T12:54:08Z","article","U.S. and China Agree to Broaden Talks in Bid to Ease Tensions"
"2023-08-26T09:01:38Z","article","What China’s Economic Woes May Mean for the U.S."
"2023-08-26T07:00:31Z","article","Raimondo Heads to China to Both Promote Trade, and Restrict It"
"2023-08-24T21:34:35Z","article","Trump, Lord of the Ring (Around the Collar)"
"2023-08-22T18:20:16Z","article","Transcript: Rogé Karma Interviews Meghan O’Sullivan and Jason Bordoff"
"2023-08-18T04:01:21Z","article","How Geopolitics Is Complicating the Move to Clean Energy"
"2023-08-17T09:00:17Z","interactive","The 6 Kinds of Republican Voters"
"2023-08-11T14:05:04Z","article","China’s Stalling Economy Puts the World on Notice"
"2023-08-10T14:00:02Z","article","It’s Not Reagan’s Party Anymore"
"2023-08-05T10:00:02Z","article","Canada Moves Forward With New Tech Tax"
"2023-08-04T19:00:02Z","article","The Unsettled Debate at the Heart of the Henrietta Lacks Case"
"2023-08-04T07:00:02Z","interactive","Cross-Tabs: Times/Siena Poll of the Republican Race in Iowa"
"2024-12-29T21:03:42Z","article","Monday Briefing: A Plane Crash in South Korea killed 179"
"2024-12-29T11:37:39Z","article","The Case for Resolutions"
"2024-12-29T11:00:11Z","article","What a Trump Presidency Means for U.S. Business"
"2024-12-29T10:01:56Z","article","‘This Is What Makes Us Rich’: Inside a Sinaloa Cartel Fentanyl Lab"
"2024-12-28T11:09:25Z","article","Your Best Advice of 2024"
"2024-12-28T10:00:44Z","article","Mexico, Betting Trump Is Bluffing on Tariffs, Sees an Opportunity"
"2024-12-27T19:45:21Z","article","Trump Backers Battle Online Over Skilled Immigrants"
"2024-12-27T17:40:59Z","article","Canadian Ministers Meet Trump Aides at Mar-a-Lago to Discuss Border, and Tariffs"
"2024-12-27T16:37:08Z","article","Trump’s Designs on the Panama Canal and Greenland"
"2024-12-27T10:01:27Z","article","Why the U.S. Could Come Out Ahead in a Tariff War"
"2024-12-27T10:00:28Z","article","Trump Disparaged Africa. So Why Are Some Africans Optimistic?"
"2024-12-27T00:00:05Z","article","The Sidney Awards"
"2024-12-26T17:05:05Z","article","Biden and Aides Courted Allies Who Undermined U.S. Goals"
"2024-12-26T14:52:07Z","article","Worried About Market Turmoil Under Trump? Look to the Past."
"2024-12-26T10:00:40Z","article","Why Taiwan’s Foxconn, an iPhone Supplier, Is Investing in Texas and Thailand"
"2024-12-25T15:07:17Z","article","Will Trump Cut Short the Biden Clean-Energy Boom? Investors Are Nervous."
"2024-12-25T14:00:04Z","article","Wish the Trump Administration Well? Nope."
"2024-12-24T20:00:07Z","article","I Never Felt Like This in China Before"
"2024-12-24T10:01:43Z","article","What I’m Thinking at the End of 2024"
"2024-12-23T20:33:39Z","article","Ford will donate $1 million and vehicles to the Trump inauguration."
"2024-12-09T22:14:39Z","article","Trump Tests Ethical Boundaries With Branded Merch. (And All Sales Are Final.)"
"2024-12-09T13:39:05Z","article","Oil markets shrug off Assad’s overthrow."
"2024-12-09T13:19:30Z","article","Trump Gives Powell a Reprieve, but Pledges Big Moves Elsewhere"
"2024-12-09T10:00:55Z","article","Chinese Carmakers Are Taking Mexico by Storm While Eyeing U.S."
"2024-12-09T10:00:43Z","article","How Some Voters Moved From Bernie Sanders to Donald Trump"
"2024-12-09T06:00:05Z","article","She Won Over Italy. Now She’s Bringing Trumpism to Europe."
"2024-12-09T01:38:54Z","article","Trump Picks Former Ambassador to Mexico for Deputy Secretary of State"
"2024-12-08T17:39:29Z","article","Fact-Checking Trump on ‘Meet the Press’: Tariffs, Immigration and More"
"2024-12-08T10:02:17Z","article","Commerce Dept. Is on the Front Lines of China Policy"
"2024-12-07T12:00:15Z","article","JD Vance, Elon Musk and the Future of America"
"2024-12-06T22:15:54Z","article","A Second Trump Term Is Set to Scramble Trade Alliances"
"2024-12-06T20:00:09Z","article","Trump’s Treasury Pick Isn’t Alarming, but He Is Unusual"
"2024-12-06T15:51:03Z","article","Trump’s Allies Go Global: ‘Make Argentina Great Again’"
"2024-12-06T13:34:00Z","article","As Trump Threatens Tariffs, Europe and South America Strengthen Ties"
"2024-12-06T10:04:00Z","article","Job Growth Rebounds With a Gain of 227,000 in November"
"2024-12-06T10:02:18Z","article","Trump Claims a ‘Historic’ Mandate. Polls Show Americans Have Mixed Feelings."
"2024-12-06T05:13:31Z","article","Political Turmoil Adds to South Korea’s Economic Woes"
"2024-12-06T04:07:53Z","article","Trump Picks Former Senator and Election Denier to Be Ambassador to China"
"2024-12-05T22:42:47Z","article","Hegseth Is Fighting to Keep His Nomination Alive"
"2024-12-05T17:33:34Z","article","Trump’s Threats Over the Dollar Could Accelerate Push for Alternatives"
"2024-12-05T17:00:02Z","article","Trump’s Cabinet Will Be an Embarrassment of Wretches"
"2024-12-05T14:00:05Z","article","DealBook Summit: 2024’s Speakers"
"2024-12-05T13:03:06Z","article","Musk, Trump, A.I. and Other DealBook Summit Highlights"
"2024-12-05T11:41:30Z","article","Death and Taxes"
"2024-12-05T01:09:25Z","article","5 Takeaways From the 2024 DealBook Summit"
"2024-12-04T21:58:05Z","article","Mexican Authorities Seize 20 Million Doses of Fentanyl in Record Haul"
"2024-12-04T19:37:41Z","article","Fed Chair Powell Acknowledges Inflation Is a ‘Little Higher’ Than Expected"
"2024-12-04T18:48:02Z","article","Across the aisle, executives and politicians say inflation is still a top concern."
"2024-12-04T17:46:18Z","article","Trump’s Trade Adviser Pick, a China Hawk, Was Jailed Over Jan. 6."
"2024-12-04T17:22:36Z","article","The Debate Over the Hunter Biden Pardon"
"2024-12-04T16:55:29Z","article","China Just Showed Washington How It Plans to Fight the Next Trade War"
"2024-12-04T15:48:18Z","article","Ken Griffin Says America Is Open for Business Following Elections"
"2024-12-04T10:59:18Z","article","What to Expect at Today’s DealBook Summit"
"2024-12-04T10:00:07Z","article","Tapped by Trudeau to Steer Foreign Affairs, She’s Now His Possible Successor"
"2024-12-03T23:04:40Z","article","Trump’s Pick to Lead D.E.A. Withdraws, Citing ‘Gravity’ of Job"
"2024-12-03T18:29:33Z","article","Trump Will Have Enormous Power Over Climate Action. Here’s Why."
"2024-12-03T12:42:59Z","interactive","Weekly Student News Quiz: Cease-Fire, Trump Transition, Presidential Pardon"
"2024-12-03T12:42:37Z","article","Will Elon Musk Ever Collect His Full Tesla Pay Package?"
"2024-12-03T11:48:25Z","article","Why Turnout Wasn’t the Democrats’ Problem"
"2024-12-03T10:59:24Z","article","China Bans Rare Mineral Exports to the U.S."
"2024-12-03T10:04:02Z","interactive","Project 2025, Mar-a-Lago and Fox News: What Connects Trump’s New Staff Picks"
"2024-12-03T10:03:58Z","article","It’s the Corruption, Stupid"
"2024-12-03T03:12:32Z","article","Trump Says He Will Block Acquisition of U.S. Steel by Japanese Firm"
"2024-12-02T13:01:40Z","article","Trump’s pick to lead the D.E.A. has limited experience with international investigations."
"2024-12-02T12:58:12Z","article","Will Trump’s Dollar Diplomacy Roil Global Trade?"
"2024-12-02T11:00:05Z","article","It’s Tariff Time, Again"
"2024-12-01T20:59:30Z","article","D.E.A. Pick Has Trump Connections but Is Rooted in Local Law Enforcement"
"2024-12-01T17:35:34Z","article","Ireland’s Main Parties Edge Out Sinn Féin, Early Election Results Show"
"2024-12-01T05:01:09Z","article","Mexican Cartels Lure Chemistry Students to Make Fentanyl"
"2024-12-01T02:40:51Z","article","Trump Picks a Florida Sheriff as D.E.A. Administrator"
"2024-11-30T11:15:09Z","article","Giving Love"
"2024-11-30T11:00:05Z","article","For Canada, Trade Tumult From Trump’s Return Has Begun"
"2024-11-30T10:00:55Z","article","Silicon Valley’s Richest Woman Hosts a Day of Innovation. Just Don’t Say Trump."
"2024-11-29T23:41:58Z","article","Trudeau Flies to Mar-a-Lago to See Trump Amid Tariff Concerns"
"2024-11-29T22:57:54Z","article","With Discounts on Offer, Shoppers Began to Bite"
"2024-11-29T18:46:35Z","article","Stocks Resume Post-Election Rise"
"2024-11-29T11:36:33Z","article","Thanksgiving Leftovers"
"2024-11-29T10:03:53Z","interactive","The New York Times News Quiz, Nov. 29, 2024"
"2024-11-29T10:02:31Z","article","Will the Markets Check Trump’s Power?"
"2024-11-29T10:02:11Z","article","Trump May Find Things to Like About Biden’s ‘Horrible’ Foreign Policy"
"2024-11-29T10:02:04Z","article","Holiday Shopping Season Separates Winning Retailers From Losers"
"2024-11-29T06:13:40Z","interactive","How China Became the World’s Largest Car Exporter"
"2024-11-28T20:25:06Z","article","Biden Makes a Final Nantucket Visit as President"
"2024-11-28T11:45:03Z","article","A Holiday Tradition"
"2024-11-28T05:01:41Z","article","Thursday Briefing"
"2024-11-28T00:37:13Z","article","Mexico’s President and Trump Describe a Positive Talk but Differ on Migration Details"
"2024-11-27T22:32:35Z","article","Thousands of Lebanese Head South as a Fragile Peace Begins"
"2024-11-27T21:17:50Z","article","Thursday Briefing: A Fragile Cease-fire in Lebanon"
"2024-11-27T17:00:09Z","article","China Has a New Playbook to Counter Trump: ‘Supply Chain Warfare’"
"2024-11-27T15:45:53Z","article","As Congress Feuds Over Farm Bill, Growers Are ‘Stuck in Limbo’"
"2024-11-27T15:04:16Z","article","The Fed’s Favorite Inflation Measure Sped Up in October"
"2024-11-27T12:58:28Z","article","Inflation is Back in Focus as Trumponomics Looms Large Over Global Trade"
"2024-11-27T11:43:01Z","article","Donald Trump’s Immigration Plans"
"2024-11-27T10:22:37Z","article","Chinese Automakers Tell Suppliers to Cut Costs as Price War Deepens"
"2024-11-27T10:04:20Z","article","Two Presidents, Two Policies, One Superpower: America in Transition"
"2024-11-27T07:19:41Z","article","Jimmy Kimmel Doubts Trump’s Grasp of Economics"
"2024-11-27T05:01:29Z","article","Wednesday Briefing"
"2024-11-27T01:33:52Z","article","Trump Taps Kevin Hassett to Lead National Economic Council"
"2024-11-27T01:32:57Z","article","Trump Selects First-Term Official as Trade Representative"
"2024-11-26T23:02:20Z","article","Trump’s Tariff Threat Pits Canada Against Mexico"
"2024-11-26T22:31:05Z","article","A Vulnerable Trudeau Hopes to Muster Unity Against Trump Tariff Plans"
"2024-11-26T22:25:13Z","article","Israel Approved Terms for a Cease-Fire With Hezbollah"
"2024-11-26T22:06:47Z","article","Why Is Trump Identifying the U.S.-Canada Border as a Problem?"
"2024-11-26T22:02:12Z","article","He Helped ‘Break’ the Bank of England. Now He May Run the U.S. Treasury."
"2024-11-26T21:23:58Z","article","Wednesday Briefing: Israel Approves Hezbollah Cease-Fire Deal"
"2024-11-26T21:01:35Z","article","Tariff Threats Show Trump’s Commitment to Upending Global Trade"
"2024-11-26T20:38:32Z","article","The Migrant Caravans Trump Derides Rarely Make It Close to the U.S."
"2024-11-26T20:05:52Z","article","On the campaign trail and after, Trump has floated plans for hefty tariffs."
"2024-11-26T19:54:24Z","article","Trump’s Tariff Plan Makes Little Sense"
"2024-11-26T19:34:58Z","article","Fed Kept Options Open on Rate Cuts, Minutes Show"
"2024-11-26T18:18:46Z","article","U.S. stocks end the day higher, despite Trump’s tariff pledge."
"2024-11-26T18:00:46Z","article","If Trump follows through on his tariffs, trade wars may follow."
"2024-11-26T17:05:05Z","article","Trump has significant power to impose tariffs unilaterally."
"2024-11-26T16:31:04Z","article","Trump’s Tariffs Would Deal a Big Blow to the Auto Industry"
"2024-11-26T16:25:30Z","article","Trump says foreign companies pay the tariffs. That’s usually wrong."
"2024-11-26T15:20:21Z","article","Mexico’s President Raises Prospect of Retaliatory Tariffs on U.S. Goods"
"2024-11-26T13:06:31Z","article","Trump’s Tariff Threat Roils Global Markets"
"2024-11-26T11:30:07Z","article","Barack Obama’s Big Lesson"
"2024-11-26T11:00:14Z","article","Trump’s Dramatic Tariff Plan, and a Cease-Fire Takes Shape in Lebanon"
"2024-11-26T10:15:03Z","article","After Trump’s Tariff Threat, Is a China Currency War Next?"
"2024-12-23T19:14:35Z","article","As Budget Impasse Grinds On, Macron Appoints a New Cabinet"
"2024-12-23T13:39:15Z","article","Deal Makers See a Rebound in 2025 as Trump Returns to Power"
"2024-12-23T13:25:36Z","article","Silicon Valley Heads to Washington"
"2024-12-23T10:01:41Z","article","What Economists Could Learn From George Costanza"
"2024-12-23T10:01:08Z","article","U.S. Takes Aim at China’s Production of Essential Computer Chips"
"2024-12-22T18:17:59Z","article","Trump Picks a Former Treasury Official as His Top Economist"
"2024-12-22T14:00:06Z","article","The Differences Between Running a Business and Running the Government"
"2024-12-21T13:00:03Z","article","From Inflation to Bitcoin, 9 Charts That Explain 2024"
"2024-12-21T10:02:02Z","article","Hitting Home for the Holidays: A Jump in Egg Prices"
"2024-12-21T10:02:00Z","article","From Liberal Icon to MAGA Joke: The Waning Fortunes of Justin Trudeau"
"2024-11-26T10:09:11Z","article","Fentanyl Rises Again, This Time as Trump’s Diplomatic Weapon Against China"
"2024-11-26T10:04:06Z","article","Would Bernie Have Won?"
"2024-11-26T06:00:06Z","article","Mr. Trump, Do You Realize How Much the World Has Changed Since You Were President?"
"2024-11-26T05:06:27Z","article","Tuesday Briefing"
"2024-11-26T02:30:02Z","article","Corrections: Nov. 26, 2024"
"2024-11-26T00:51:24Z","article","Trump Plans Tariffs on Mexico, Canada and China That Could Cripple Trade"
"2024-11-26T00:00:08Z","article","Crony Capitalism Is Coming to America"
"2024-11-25T15:50:43Z","article","Can Wall Street Billionaires Deliver on Trump’s Blue-Collar Promise?"
"2024-11-25T15:06:11Z","article","Steel Maker ThyssenKrupp to Slash 11,000 Jobs in Germany"
"2024-11-25T13:03:25Z","article","The Bessent Bounce — Markets Cheer Trump’s Treasury Pick"
"2024-12-20T20:27:47Z","article","Key Ally Abandons Trudeau in Fresh Blow to His Government"
"2024-12-20T20:00:03Z","article","The Fate of This Federal Program Helps Explain Trump’s Win"
"2024-12-20T14:24:02Z","article","Ken Griffin Says ‘America Is Open For Business Again’"
"2024-12-20T14:00:06Z","article","Wall St. Is at It Again, Making Irrelevant Market Predictions"
"2024-12-20T13:40:41Z","article","The Fed’s Preferred Inflation Measure Sped Up in November"
"2024-12-20T12:38:29Z","article","Who’s in Charge?"
"2024-12-20T11:40:17Z","article","When We Roll Back the Rules"
"2024-12-20T10:01:39Z","article","Yes, Biden’s Green Future Can Still Happen Under Trump"
"2024-12-20T10:00:32Z","article","Postmortems Are Bad at Predictions: Democrats May Just Need a ‘Change’ Election"
"2024-12-20T08:18:58Z","article","Trump Is Threatening Europe With Tariffs. Is It Ready?"
"2024-12-20T00:03:00Z","article","Britain to Name Peter Mandelson as Ambassador to the U.S."
"2024-12-19T13:00:16Z","article","Why the Specter of Trump Hangs Over the Fed, Congress and the Markets"
"2024-12-19T12:16:09Z","article","Britain’s Economy Is ‘Bumbling’ Into the New Year"
"2024-12-19T10:03:52Z","article","Where Does a ‘Remarkable’ U.S. Economy Go From Here?"
"2024-12-19T05:03:04Z","article","Thursday Briefing"
"2024-12-19T05:01:06Z","article","Europe Has a Leadership Vacuum. How Will It Handle Trump?"
"2024-12-19T05:00:07Z","article","Starbucks Has a Pumpkin Spice Latte Problem in China"
"2024-12-18T22:34:56Z","article","The Fed Cut Rates and Signaled a Long Fight Against Inflation"
"2024-12-18T22:20:42Z","article","Trump Takes Credit for New Border Security Plan Outlined by Canada"
"2024-12-18T21:04:13Z","article","Wednesday Briefing: Russia Arrests a Suspected Assassin"
"2024-12-18T17:15:04Z","article","Central Bankers Around the Globe Gird Themselves for Another Trump Term"
"2024-12-18T17:01:16Z","article","How to Read the Fed’s Projections Like a Pro"
"2024-12-18T14:55:30Z","article","American Kitchens Face an Uncertain Mix: Olive Oil and Tariffs"
"2024-12-18T10:05:00Z","article","Fed Cuts Rates, but Projects Fewer Reductions Next Year"
"2024-12-18T10:04:54Z","article","The Economy Is Finally Stable. Is That About to Change?"
"2024-12-18T10:04:52Z","article","Now Is Not the Time for Surrender"
"2024-12-18T00:00:05Z","article","How Elon Musk and Taylor Swift Can Resolve U.S.-China Relations"
"2024-12-17T22:54:37Z","article","The Trump Factor Further Shakes Up Canada’s Politics"
"2024-12-17T21:02:27Z","article","Monday Briefing: Ukraine says it killed a Russian General"
"2024-12-17T16:41:31Z","article","Worthwhile Canadian Resignation"
"2024-12-17T16:15:06Z","article","Tech Makes an Economic Case for Skilled Immigrants. Will Trump Bite?"
"2024-12-17T12:46:27Z","article","Bracing for a Fed Pullback"
"2024-12-17T11:42:36Z","article","The Unintended Consequences of Tariffs"
"2024-12-17T10:03:28Z","article","High on Hope, Wall St. Hears What It Wants From Trump"
"2024-12-17T10:00:57Z","article","Trump’s Tariffs Helped Northern Vietnam Boom Like Never Before. What Now?"
"2024-12-17T05:01:11Z","article","Tuesday Briefing"
"2024-12-16T23:30:06Z","article","Trump Meets the Press"
"2024-12-16T16:55:55Z","article","Biden Prepares to Target Chinese Legacy Chips With Trade Investigation"
"2024-12-16T14:46:25Z","article","Top Canada Minister Resigns, Threatening Trudeau’s Hold on Power"
"2024-12-16T13:04:56Z","article","Are Tariffs Inevitable?"
"2024-12-16T11:29:46Z","article","A Chaotic Start"
"2024-12-16T10:02:03Z","article","Trump Hates the ‘Deep State.’ But He Also Needs It."
"2024-12-16T10:00:44Z","article","Powell’s Fed Appears Headed for Another Collision With Trump"
"2024-12-15T08:38:17Z","article","​After Impeachment, South Korea Is Left With No Elected Leader"
"2024-12-15T08:00:14Z","article","Automakers Thrived in the Pandemic. Many Are Now Struggling."
"2024-12-14T16:02:04Z","article","Trump Has Little Room for Error"
"2024-12-14T11:00:06Z","article","A Rare Cross-Canada Political Consensus Forms Against Trump’s Border Threat"
"2024-12-14T10:02:48Z","article","Trump’s Transition Business Largely Happens After Night Falls"
"2024-12-14T10:02:26Z","article","In Port Labor Dispute, Trump Backed a Union That Courted Him"
"2024-12-13T22:27:13Z","article","Tim Cook Dines With Trump at Mar-a-Lago"
"2024-12-13T16:54:41Z","article","Trump’s Treasury Pick Is Poised to Test ‘Three Arrows’ Economic Strategy"
"2024-12-13T14:00:06Z","article","The Fed Is Stuck Fighting the Last War"
"2024-12-12T21:39:15Z","article","The Stock Market and TV: Trump’s Most Durable Guardrails"
"2024-12-12T13:24:01Z","article","European Central Bank Cuts Interest Rates as the Economy Weakens"
"2024-12-12T12:48:08Z","article","China Pledges More Stimulus to Shore Up Flagging Economy"
"2024-12-12T11:43:00Z","article","C.E.O.s Are Tripping"
"2024-12-12T02:15:07Z","article","Drones, Dogs, Drug Labs: Canada’s Plan to Avoid Trump’s Tariffs Takes Shape"
"2024-12-11T10:09:30Z","article","Trump’s Admiration for Royals Could Make Them a Potent Diplomatic Tool"
"2024-12-11T10:03:13Z","article","Biden Administration Looks to Reinforce U.S.-China Ties Ahead of Trump’s Return"
"2024-12-11T10:03:08Z","article","Prepare for Guacamole to Be a Luxury Item"
"2024-12-11T10:00:24Z","article","Can the U.S. Climb Out of Its ‘Unprecedented’ Housing Crisis?"
"2024-12-11T05:00:12Z","article","Houthi Attacks Turn Back the Clock for Shipping as Costs Pile Up"
"2024-12-10T23:26:19Z","article","Biden Says Trump’s Tax Cuts and Tariffs Would Be ‘a Major Mistake’"
"2024-12-10T18:45:00Z","article","Finance Moguls Revel in Trump’s Return and Ignore the Peril"
"2024-12-10T16:37:02Z","article","Trump Calls Trudeau the ‘Governor’ of ‘The Great State of Canada’"
"2024-12-10T13:03:23Z","article","How Murdoch Could Fight Back After a Big Legal Defeat"
"2024-12-10T10:03:48Z","article","On Issue After Issue, Trump Promises the Moon. No Word on the Rocket."
"2024-12-10T10:03:14Z","article","Kennedy’s War on Corn Syrup Brings a Health Crusade to Trump Country"
"2024-12-10T06:00:01Z","interactive","These 14 Voters Think Trump Has One Mandate Above All, and It’s Not About the Economy"
"2024-12-10T05:01:22Z","article","How to Understand the Armed Factions Operating in Syria"
"2025-04-14T22:06:19Z","article","El Salvador Won’t Return Wrongly Deported Man"
"2025-04-14T21:00:11Z","article","Tuesday Briefing: El Salvador Won’t Return Deportee"
"2025-04-14T20:07:29Z","article","China Is Taking the Gloves Off. The Luxury Leather Gloves."
"2025-04-14T19:57:31Z","article","The Dollar Keeps Falling as Its ‘Safe Haven’ Status Is Questioned"
"2025-04-14T19:34:58Z","article","Greene Bought Market Dip Before Trump Paused Tariffs, Profiting From the Rally"
"2025-04-14T18:02:16Z","article","Tariff-Induced Inflation Surge May Be Temporary, Fed Official Says"
"2025-04-14T16:39:59Z","article","Good Luck Getting Goldman Sachs to Even Say the Word ‘Tariff’"
"2025-04-14T15:21:13Z","article","Trump Moves to Put New Tariffs on Computer Chips and Drugs"
"2025-04-14T14:23:43Z","article","Britain Cuts Tariffs on Dozens of Products as Global Trade Tensions Rise"
"2025-04-14T12:33:31Z","article","When Elected Leaders Pursue Risky Policies, What Can Stop Them?"
"2025-04-14T12:01:54Z","article","‘Simply Bad Business’: Corporate Gloom Rises Over Trump’s Tariffs"
"2025-04-14T12:01:38Z","article","Why Europe Fears a Flood of Cheap Goods From China"
"2025-04-14T10:55:52Z","article","The U.S.-China Trade War"
"2025-04-14T10:00:14Z","article","Her Business Was Thriving. Then Came the Tariffs."
"2025-04-14T09:02:25Z","article","James Carville: How to Turn Trump’s Economic Chaos Against Him"
"2025-04-14T09:02:05Z","article","Larry Summers on Trump: ‘The First Rule of Holes Is Stop Digging’"
"2025-04-14T09:01:27Z","article","Poof! There Goes America’s Competitive Advantage in a Warming World"
"2025-04-14T09:00:42Z","article","In Canada’s Fight With Trump, She’s Playing Good Cop"
"2025-04-14T09:00:33Z","article","Florida’s Hurricane-Battered Gulf Coast Beckons Spring Breakers: ‘We Are Open’"
"2025-04-14T08:31:25Z","article","China’s Leader Courts Vietnam as Trade War With the U.S. Mounts"
"2025-04-10T21:47:51Z","article","Tariff Angst Rises"
"2025-04-10T21:47:48Z","article","Trump, Offering Few Details, Insists ‘Everybody’ Wants to Make a Deal With the U.S."
"2025-04-10T21:30:05Z","article","Markets ‘Hanging on Every Little Bit of Tariff Talk’"
"2025-04-10T21:02:22Z","article","Friday Briefing: A Worsening Trade War"
"2025-04-10T21:00:06Z","article","Producing Something This Stupid Is the Achievement of a Lifetime"
"2025-04-10T20:15:39Z","article","Stocks Fall as Tariff Pause Fails to Quell Wall Street’s Worries"
"2025-04-10T20:00:03Z","article","Order the Big Slice of Cake"
"2025-04-10T18:52:39Z","article","Climate Change Could Become a Global Economic Disaster"
"2025-04-10T18:47:10Z","article","In Congress, a Day Can Last Months if Politics Demands It"
"2025-04-10T18:22:12Z","article","For Restaurants That Rely on Imports, the Tariff News Is Scant Relief"
"2025-04-10T18:10:57Z","article","Deepening Trade Fight With China Poses New Threat to U.S. Farmers"
"2025-04-10T18:08:48Z","article","Trump’s Tariff Reversal: Confusion and Relief"
"2025-04-10T17:47:47Z","article","Nintendo Switch Game Console Release Is Whipsawed by Tariff Threats"
"2025-04-10T17:22:59Z","article","Bond Market Sell-Off Prompts Bank of England to Make Unusual Move"
"2025-04-10T16:21:38Z","article","For U.S. Apparel Manufacturers, Chaotic Tariff Policy Isn’t Much Help"
"2025-04-10T16:05:42Z","article","Trump Has Added 145% Tariff to China, White House Clarifies"
"2025-04-10T16:00:05Z","article","What Do You Tell a College Student Graduating Into This America?"
"2025-04-10T15:46:09Z","article","On-Again, Off-Again Tariffs and Their Toll on Travelers"
"2025-04-10T15:11:24Z","article","Trump’s Tariff Reversal Calms Some G.O.P. Nerves, but Questions Linger"
"2025-04-10T13:25:09Z","article","Asian Nations, Holding Few Cards, Seek Trade Talks With Trump"
"2025-04-10T13:00:12Z","article","Cheaper iPhones and Pixels Are Here. They Are Pretty Good."
"2025-04-10T12:33:35Z","article","Prada to Buy Versace for Nearly $1.4 Billion"
"2025-04-10T12:32:39Z","article","What to Expect After Trump’s Tariff About-Face"
"2025-04-10T11:07:45Z","article","China Says Its Own Consumers Will Save the Day. But They’re Not Buying."
"2025-04-10T11:06:24Z","article","U.S. and China Headed for ‘Monumental’ Split, Putting World Economy on Edge"
"2025-04-10T10:48:52Z","article","President Trump’s Retreat"
"2025-04-10T10:00:11Z","article","A U-Turn on Tariffs"
"2025-04-10T10:00:10Z","article","Trump’s Drastic Tariff Turnaround, and Green Card Holders on Edge"
"2025-04-10T09:46:37Z","article","Here’s the latest."
"2025-04-10T09:42:40Z","article","How Hamas and the U.S. Tried to Strike a Hostage Deal"
"2025-04-10T09:36:05Z","article","Europe Pauses Retaliation, but Also Braces for What’s Next"
"2025-04-10T09:04:09Z","article","The Investors Who Prop Up America Won’t Soon Forget This"
"2025-04-10T09:03:09Z","article","What to Know About the Latest China Tariffs and What They Mean for Prices"
"2025-04-10T09:03:01Z","article","Outside His Political Base, a Canadian’s Trumpian Pitch Is a Harder Sell"
"2025-04-10T09:03:00Z","article","‘They’re Coming After All of Us. So You Might as Well Tell the Truth.’"
"2025-04-10T09:02:49Z","article","Worried About Stock Market Swings? These Young Investors Aren’t."
"2025-04-10T09:02:49Z","article","Jaguar Paused Shipments to America. These Britons Blame Trump."
"2025-04-10T09:02:38Z","article","Inflation Eased in March but Tariffs Raise Risk of Higher Prices"
"2025-04-10T09:02:32Z","article","Plunge in Oil Prices Threatens Russia’s Vast Spending on Ukraine War"
"2025-04-10T09:02:17Z","article","Trump Has Handed Democrats an Enormous Opportunity"
"2025-04-10T09:02:15Z","article","Your Tariff Questions About Wine, Answered"
"2025-04-10T09:02:08Z","article","Can Britain Be a ‘Sensible, Stable’ Haven in Trade War? Some See Potential."
"2025-04-10T09:01:01Z","article","This Instability May Be Worth It. Here’s Why."
"2025-04-10T09:00:20Z","article","To Escape the Grind, Young People Turn to ‘Mini-Retirements’"
"2025-04-10T05:57:55Z","article","Late Night Finds Trump to Be His Own Worst Enemy"
"2025-04-10T05:08:12Z","article","Thursday Briefing"
"2025-04-10T04:00:01Z","article","Corrections: April 10, 2025"
"2025-04-10T03:50:28Z","article","Inside Factories in China, a Struggle to Survive Trump’s Tariffs"
"2025-04-10T03:03:54Z","article","Here’s what happened on Wednesday."
"2025-04-10T02:42:49Z","article","Trump’s Encouragement of Stock Investors Draws Scrutiny"
"2025-04-10T02:14:41Z","article","Wall Street stumbles as relief over tariff pause fades."
"2025-04-10T00:42:33Z","article","From ‘Be Cool!’ to ‘Getting Yippy’: Inside Trump’s Reversal on Tariffs"
"2025-04-09T22:29:48Z","article","What Trump Just Cost America"
"2025-04-09T21:38:42Z","article","Trump Backed Down on Tariffs"
"2025-04-09T21:09:22Z","article","Canada Vows to Use Billions From Trade Retaliation to Aid Workers and Businesses"
"2025-04-09T21:00:20Z","article","Thursday Briefing: Trump’s Tariff Reversal"
"2025-04-09T20:48:19Z","article","Market Chaos Brings Big Ratings to Television Business News"
"2025-04-09T20:17:02Z","article","Top Pro Bono Leader Resigns from Paul Weiss, a Firm Hit in Trump’s Crackdown on Big Law"
"2025-04-09T20:16:38Z","article","Trump Reverses Course on Global Tariffs, Announcing 90-Day Pause"
"2025-04-09T19:15:02Z","article","A Frenzy at Trader Joe’s: ‘Everyone’s Here for the Tote Bags’"
"2025-04-09T19:00:04Z","article","Thankfully, the Democratic Base Has Revived the Resistance"
"2025-04-09T18:40:39Z","article","Walmart Says Tariffs Have Added Uncertainty to Its Outlook"
"2025-04-09T18:36:09Z","article","What’s Probably Going On With the Volatile Bond Market"
"2025-04-09T18:32:46Z","article","House Republicans Move to Prevent Vote on Repealing Trump’s Tariffs"
"2025-04-09T16:36:31Z","article","Johnson Delays Budget Vote as G.O.P. Defectors Balk"
"2025-04-09T16:16:36Z","article","‘BE COOL!’ Trump Says, as Tariffs Unleash Global Chaos"
"2025-04-09T15:24:41Z","article","Whitmer Attacks Trump’s Tariffs, but Avoids Attacking Trump"
"2025-04-09T15:19:28Z","article","In a Storm of Tariffs, Many Companies See China as the Safest Harbor"
"2025-04-09T13:51:33Z","article","Coalition Deal in Germany Clears Way for Friedrich Merz to Become Chancellor"
"2025-04-09T13:48:05Z","article","Sell-Off in U.S. Bonds and Dollar Raises Questions About ‘Safe Haven’ Status"
"2025-04-09T13:46:07Z","article","Delta Warns Trump’s Trade War Will Weigh on the Economy"
"2025-04-09T13:18:27Z","article","A Small African Nation Has Few Options to Counter 50% U.S. Tariffs"
"2025-04-09T13:07:59Z","article","Oil Prices Recover After Trump Offers Tariff Reprieve"
"2025-04-09T12:35:53Z","article","China Hits Back Again at Trump, Bringing New Tariffs on U.S. Goods to 84%"
"2025-04-09T12:16:17Z","article","Netanyahu Sticks by Trump’s Brazen Proposal for Gazans to Leave"
"2025-04-09T11:33:13Z","article","‘Explosive’ Markets Raise Uncertainty About Tariff Endgame"
"2025-04-09T11:28:35Z","article","Harry’s Razor Brand Seeks to Build a Consumer Goods Empire"
"2025-04-09T11:10:49Z","article","India’s Millions of New Investors Are Reeling From Tariff Turmoil"
"2025-04-09T10:49:41Z","article","What Rights Do Migrants Have?"
"2025-04-09T10:22:12Z","article","Zelensky Doubles Down on Claim That Many Chinese Are Fighting for Russia"
"2025-04-09T10:19:09Z","article","China Condemns American ‘Protectionism’"
"2025-04-09T10:05:45Z","article","U.S. Bond Sell-Off Is Another Worrisome Echo of the Liz Truss Fiasco"
"2025-04-09T10:00:55Z","article","A Game of Chicken With China, and How Much Plastic Is in the Human Brain"
"2025-04-09T09:56:11Z","article","For U.S. and China, a Risky Game of Chicken With No Off-Ramp in Sight"
"2025-04-09T09:04:30Z","article","Europe Votes to Retaliate on Some Trump Tariffs, Hours Before His Pivot"
"2025-04-09T09:03:11Z","article","‘We’re Playing With Fire’: The Risks of Trump’s Tariffs on China"
"2025-04-09T09:02:20Z","article","New Generation of African Chocolatiers Would Be Hobbled by U.S. Tariffs"
"2025-04-09T09:02:11Z","article","You Should Think About Replacing Your iPhone — Now"
"2025-04-09T09:02:05Z","article","The Tariff Saga Is About One Thing"
"2025-04-09T09:01:26Z","article","‘Farmer Wants a Wife’ Has Its Title Backward"
"2025-04-09T08:03:44Z","article","Anxiety rises in Asia over how to negotiate with Trump."
"2025-04-09T07:17:36Z","article","India’s Drug Makers Shudder as Trump Again Threatens Tariffs"
"2025-04-09T06:48:12Z","article","Trump’s Tariffs Will Pummel Asia. But One Country Sees Opportunity."
"2025-04-09T06:40:46Z","article","Late Night Frantically Tries to Keep Up With the Tariffs"
"2025-04-09T06:40:30Z","article","China Censors Hashtags Mentioning ‘104%,’ the Size of Trump’s Tariffs"
"2025-04-09T05:39:58Z","article","Reeling From Trump’s Tariffs, South Korea Tries Striking a Delicate Balance"
"2025-04-09T05:00:06Z","article","What Special Relationship?"
"2025-04-09T04:58:08Z","article","Wednesday Briefing"
"2025-04-09T04:01:05Z","article","‘Totally Silly.’ Trump’s Focus on Trade Deficit Bewilders Economists."
"2025-04-09T04:00:06Z","article","What Will Happen to the Handbags?"
"2025-04-14T04:01:10Z","article","Trump’s Tariffs Leave No Safe Harbor for American Importers"
"2025-04-14T03:28:13Z","article","Monday Briefing: China Pauses Crucial Exports"
"2025-04-14T01:50:58Z","article","Stocks Rise Cautiously Amid Tariff Whiplash"
"2025-04-13T21:00:12Z","article","Monday Briefing: China Pauses Crucial Exports"
"2025-04-13T17:29:01Z","article","China Halts Critical Exports as Trade War Intensifies"
"2025-04-13T16:45:59Z","article","Democrats Widely Blast Trump’s Tariffs, but Not Necessarily Tariffs"
"2025-04-13T15:41:22Z","article","Trump Signals New Tariffs on Chips, Calling Exclusions Temporary"
"2025-04-13T15:40:48Z","article","U.S. Revives Talks With Saudi Arabia on Transfer of Nuclear Technology"
"2025-04-13T13:02:58Z","article","‘S.N.L.’: Laughing All the Way to Financial Chaos"
"2025-04-13T11:17:52Z","article","Understanding A.D.H.D."
"2025-04-09T04:00:02Z","article","Corrections: April 9, 2025"
"2025-04-09T03:34:23Z","article","Here’s the latest."
"2025-04-09T03:28:37Z","article","Here’s what happened on Tuesday."
"2025-04-09T02:38:33Z","article","Hours before tariffs begin, Trump declares victory and mocks critics."
"2025-04-09T02:33:37Z","article","Stocks Surge as Trump Announces a Delay to Global Tariffs"
"2025-04-08T23:13:28Z","article","An Experiment in Recklessness: Trump as Global Disrupter"
"2025-04-08T22:09:24Z","article","Trump Pressed Ahead With Sweeping Tariffs"
"2025-04-08T21:24:01Z","article","Two Law Firms File for Permanent Relief From Trump’s Executive Orders"
"2025-04-08T21:04:54Z","article","Wednesday Briefing: Bracing for More Tariffs"
"2025-04-08T19:27:07Z","article","Tariffs May Make It Too Expensive to ‘Drill, Baby, Drill’"
"2025-04-13T09:04:40Z","article","Trump Has Added Risk to the Surest Bet in Global Finance"
"2025-04-13T09:01:48Z","article","How Should You Invest for College During Market Swings?"
"2025-04-13T09:01:44Z","article","A Devastating Trade Spat With China Shows Few Signs of Abating"
"2025-04-13T09:01:02Z","article","The Treasury Secretary Is Wrong About How Most Retirees See the Stock Market"
"2025-04-13T05:39:50Z","article","Xi’s Visit Highlights Dilemma for Southeast Asia in U.S.-China Trade War"
"2025-04-13T04:01:08Z","article","How Brexit, a Startling Act of Economic Self-Harm, Foreshadowed Trump’s Tariffs"
"2025-04-12T17:38:09Z","article","British Government Takes Control of Country’s Last Major Steel Mill"
"2025-04-12T14:27:59Z","article","Trump Adds Tariff Exemptions for Smartphones, Computers and Other Electronics"
"2025-04-12T12:00:04Z","article","How a Deal to Shape Golf’s Future Went Cold"
"2025-04-12T11:00:24Z","article","A Lot About Trump Doesn’t Add Up"
"2025-04-12T11:00:20Z","article","Stock Ownership Is What Really Divides Americans"
"2025-04-12T11:00:17Z","article","Trump’s Tariff Pause Is Less Than Meets the Eye"
"2025-04-12T11:00:06Z","article","Trump Is on a Path to Failure"
"2025-04-12T10:00:07Z","article","Trump Tariffs Muddle Campaigning for Canada’s Conservatives"
"2025-04-12T09:03:12Z","interactive","How Much Are Tariffs on Chinese Goods? It’s Trickier Than You Think."
"2025-04-12T09:03:11Z","article","Whitmer Shows How Democrats Are Playing With Fire in Cozying Up to Trump"
"2025-04-12T09:03:10Z","article","Raise Prices? Eat Higher Costs? Retailers Face Tough Questions."
"2025-04-12T09:02:07Z","article","Bessent Takes Tricky Center Stage as Trade Wars Roil U.S. Economy"
"2025-04-12T09:02:07Z","article","As Tariffs Hit, Americans Are Racing to Buy Car Seats, iPhones and Christmas Gifts"
"2025-04-12T09:01:59Z","article","Two Signature Trump Policies. One Agenda."
"2025-04-12T09:01:58Z","article","How to Ease Your Money Anxiety When the Economy Is Stressing You Out"
"2025-04-12T09:01:52Z","article","Dead Heat as Ecuadoreans Look for Leader to Lift Them Out of Crisis"
"2025-04-12T09:01:38Z","article","In South Carolina, a Once Thriving Textile Hub Is Baffled by Trump’s Tariffs"
"2025-04-12T09:01:35Z","article","Are You the Only One Who’s Broke? Or Is It ‘Money Dysmorphia’?"
"2025-04-12T04:01:16Z","article","For Taiwan’s Small Exporters, the Uncertainty’s as Bad as the Tariffs"
"2025-04-11T21:48:05Z","article","The 12 Best Things We Saw at Salone Del Mobile"
"2025-04-11T21:30:47Z","article","A Judge Ordered the U.S. to Detail Its Efforts to Return a Deported Man"
"2025-04-11T20:30:06Z","article","A President Obsessed With Water Pressure? On Netflix and in the White House."
"2025-04-11T19:46:58Z","article","Stocks Post Gain for the Week, but Investors Remain Anxious"
"2025-04-11T18:10:50Z","article","Investors Seeking Safety Look to German Government Bonds"
"2025-04-11T17:44:26Z","article","Fed Under Pressure as Inflation Expectations Surge"
"2025-04-11T17:09:11Z","article","‘This is Not Normal’: Trump’s Tariffs Upend the Bond Market"
"2025-04-11T16:55:56Z","article","What to Know About Who Pays the Higher Costs of Trump’s Tariffs"
"2025-04-11T16:49:48Z","article","Europe Moves to Shield Itself From Trade War Fallout"
"2025-04-11T15:31:14Z","article","Trump Showed His Pain Point in His Standoff With China"
"2025-04-11T13:58:59Z","article","Swept From Office by Covid Backlash, Democratic Governor Eyes a Comeback"
"2025-04-11T13:53:45Z","article","Tesla U.S. Sales Plunge as G.M. and Others Make Gains"
"2025-04-11T13:00:05Z","article","Your Car Insurance Is Likely to Go Up. Again."
"2025-04-11T12:56:25Z","article","World’s Friendliest Superpower? As Trump Upends Globe, Europe Positions Itself."
"2025-04-11T12:02:35Z","article","What happened on Thursday."
"2025-04-11T11:44:36Z","article","Trump’s auto tariffs are causing anger in a British carmaking town."
"2025-04-11T11:38:27Z","article","Markets Worry About Finding an Exit From Trump’s Trade Fight"
"2025-04-11T11:30:02Z","article","Warren Urges S.E.C. to Investigate Trading Around Trump’s Tariff Pause"
"2025-04-11T11:26:21Z","article","Whatever You Do, Don’t Ask Wall Street Bosses About Trump’s Tariffs"
"2025-04-11T11:00:06Z","article","Big Tech’s Tariff Chaos + A.I. 2027 + Llama Drama"
"2025-04-11T10:56:57Z","article","New Talks With Iran"
"2025-04-11T10:00:12Z","article","Trump’s New Plan for Social Security Death List, and China’s Counterattack on Tariffs"
"2025-04-11T09:31:33Z","article","Steeling China for a Fight, Xi Faces His Biggest Test Since Covid"
"2025-04-11T09:19:59Z","article","Tesla Halts Orders in China on U.S. Imported Models"
"2025-04-11T09:05:40Z","article","Trump’s Tariffs, Market Panic and What Comes Next"
"2025-04-11T09:05:35Z","interactive","The New York Times News Quiz, April 11, 2025"
"2025-04-11T09:05:24Z","article","A Fatal Helicopter Crash in the Hudson River"
"2025-04-11T09:03:18Z","article","Marine Le Pen’s ‘Witch Hunt’ Talk Echoes Trump. Will It Work in France?"
"2025-04-11T09:03:11Z","article","The ‘China Shock’ Offers a Lesson. It Isn’t the One Trump Has Learned."
"2025-04-11T09:02:02Z","article","‘I Hope I Am Wrong, but I Am Pretty Pessimistic’: Four Economists Dissect Trump’s Tariffs"
"2025-04-11T09:02:02Z","article","Trump Has Long Misled With Claims About Global Trade and Tariffs"
"2025-04-11T09:01:56Z","article","Relief at a Trade Hub on the Southern Border, but No End to Its Unease"
"2025-04-11T09:01:52Z","article","Why Iran’s Supreme Leader Came Around to Nuclear Talks With the U.S."
"2025-04-11T09:01:39Z","article","How This Trade War Is Different From All Other Trade Wars"
"2025-04-11T09:01:29Z","article","After a Rocky 90-Day Tenure, L.A.’s Recovery Czar Is Stepping Down"
"2025-04-11T09:01:13Z","article","What’s Wrong With Apple?"
"2025-04-11T08:57:09Z","article","Stocks waver on the latest escalation in the trade war."
"2025-04-11T08:36:05Z","article","Here’s the latest."
"2025-04-11T08:20:17Z","article","China Raises Tariffs on U.S. Imports to 125%, Calling Trump’s Policies a ‘Joke’"
"2025-04-11T06:33:53Z","article","Late Night Taps Into Trump’s Preoccupation With Water Pressure"
"2025-04-11T05:08:15Z","article","Friday Briefing"
"2025-04-11T03:59:00Z","article","Quote of the Day: China Expects To Shop Itself Out of a Bind. It’ll Be Tough."
"2025-04-11T01:56:13Z","article","Autoworkers Union Chief Gives Trump’s Tariffs a Mixed Review"
"2025-04-11T01:45:08Z","article","Trump Threatens More Tariffs and Sanctions on Mexico Over Long-Running Water Dispute"
"2025-04-10T23:33:52Z","article","Legal Group Funded by Conservative Megadonors Challenges Trump’s Tariffs"
